date,Taipei_temp,Taipei_max_temp,Taichung_temp,Taichung_max_temp,Kaohsiung_temp,Kaohsiung_max_temp
2018-01-01,17.3,19.7,18.1,25.4,20.5,25.1
2018-01-02,20.4,23.7,18.9,26.6,21.2,25.2
2018-01-03,21.7,25.4,18.9,25.7,21.6,25.8
2018-01-04,20.9,24.3,18.7,22.4,21.4,25.0
2018-01-05,17.3,18.4,18.4,21.5,21.4,25.6
2018-01-06,17.1,18.4,18.0,20.5,20.8,23.2
2018-01-07,18.0,19.1,18.1,19.7,22.3,26.5
2018-01-08,17.7,20.7,18.6,21.7,23.8,29.0
2018-01-09,11.6,13.3,11.9,15.5,17.2,22.4
2018-01-10,12.1,15.9,12.8,17.7,15.5,20.0
2018-01-11,11.9,15.8,12.7,18.6,15.3,19.3
2018-01-12,11.2,15.2,12.0,17.9,15.0,20.5
2018-01-13,12.8,16.2,12.3,19.9,15.7,20.7
2018-01-14,16.6,22.1,14.6,22.6,17.4,23.1
2018-01-15,19.1,24.6,16.5,23.6,19.0,24.3
2018-01-16,19.1,26.6,19.5,25.8,21.7,27.6
2018-01-17,20.2,24.8,21.4,26.1,23.2,27.7
2018-01-18,20.7,23.3,21.2,27.2,23.5,26.7
2018-01-19,18.6,20.1,20.7,23.2,23.4,27.0
2018-01-20,18.9,20.9,20.5,24.9,22.6,25.9
2018-01-21,19.6,21.0,20.5,25.2,22.3,25.4
2018-01-22,17.8,20.0,19.7,25.0,23.2,28.8
2018-01-23,18.8,22.5,19.0,24.1,21.9,25.4
2018-01-24,17.1,19.5,19.4,25.5,21.7,25.9
2018-01-25,17.2,19.6,18.5,24.7,21.7,26.0
2018-01-26,15.8,17.6,17.9,22.2,21.3,27.5
2018-01-27,17.4,20.5,17.4,21.2,20.6,24.5
2018-01-28,16.2,19.3,17.1,21.7,21.6,29.3
2018-01-29,12.4,14.3,13.4,15.2,17.9,20.7
2018-01-30,13.0,14.1,13.8,16.6,17.9,21.9
2018-01-31,15.0,17.1,15.4,20.3,19.6,25.9
2018-02-01,12.0,13.2,12.9,15.9,16.5,19.8
2018-02-02,12.9,14.4,13.7,17.6,17.4,22.3
2018-02-03,10.1,11.0,10.9,12.6,14.8,18.1
2018-02-04,9.2,10.1,9.9,11.9,13.4,16.6
2018-02-05,8.2,8.8,8.7,9.5,11.6,13.2
2018-02-06,10.5,11.8,11.2,15.8,14.4,19.7
2018-02-07,11.7,12.5,11.7,13.6,15.1,18.4
2018-02-08,12.7,14.6,13.8,16.9,16.6,20.3
2018-02-09,15.8,18.5,15.9,20.7,19.3,24.5
2018-02-10,16.1,17.9,17.2,21.6,20.7,26.9
2018-02-11,12.6,13.5,14.2,17.9,17.1,20.7
2018-02-12,14.2,17.9,14.7,20.4,17.7,22.0
2018-02-13,15.8,18.9,16.1,22.1,18.1,21.6
2018-02-14,18.1,25.3,18.0,25.9,21.4,26.5
2018-02-15,20.9,29.5,21.0,30.4,24.7,31.2
2018-02-16,19.4,26.2,22.1,28.7,24.3,27.1
2018-02-17,17.6,19.3,19.5,24.3,22.2,25.2
2018-02-18,20.6,27.5,20.6,27.4,22.1,26.2
2018-02-19,21.3,29.3,21.8,30.5,24.8,29.9
2018-02-20,19.1,23.2,20.3,26.3,24.8,28.7
2018-02-21,16.8,18.5,18.7,22.4,23.9,28.4
2018-02-22,15.0,16.3,15.2,19.5,20.4,24.3
2018-02-23,16.4,18.1,17.8,23.9,20.6,24.0
2018-02-24,17.8,20.1,19.8,25.8,22.2,26.5
2018-02-25,15.9,16.8,18.6,24.9,23.4,28.6
2018-02-26,17.0,19.1,18.7,24.5,21.2,25.2
2018-02-27,20.0,26.5,18.7,22.0,22.4,28.4
2018-02-28,17.9,19.7,19.5,24.2,24.5,29.5
2018-03-01,21.0,26.2,21.1,28.5,24.5,27.6
2018-03-02,22.5,27.4,22.7,29.4,25.5,29.0
2018-03-03,22.0,26.5,25.0,30.6,26.6,30.6
2018-03-04,24.1,28.4,25.2,29.0,27.3,30.4
2018-03-05,22.1,30.2,25.2,31.9,28.0,31.0
2018-03-06,17.0,18.4,20.2,24.1,23.9,26.1
2018-03-07,19.4,24.2,20.1,26.7,23.7,27.9
2018-03-08,13.8,17.1,14.8,19.2,19.2,22.6
2018-03-09,13.6,15.6,14.6,19.1,16.3,19.5
2018-03-10,16.2,21.4,16.8,24.0,19.4,23.2
2018-03-11,19.4,25.0,17.7,25.1,20.9,25.1
2018-03-12,20.2,27.1,18.6,25.5,21.9,26.0
2018-03-13,20.8,27.7,19.7,26.6,23.0,27.4
2018-03-14,22.8,29.1,21.8,26.8,24.0,28.4
2018-03-15,22.2,27.0,21.4,27.7,23.7,28.9
2018-03-16,20.3,27.0,21.9,27.5,24.3,28.6
2018-03-17,19.7,22.2,21.4,26.7,23.8,27.6
2018-03-18,22.8,29.6,21.7,27.2,24.1,27.0
2018-03-19,24.3,29.9,23.5,29.2,25.5,29.2
2018-03-20,19.3,23.6,21.0,24.5,24.8,29.2
2018-03-21,15.6,17.6,17.0,20.9,21.1,25.0
2018-03-22,15.1,19.3,17.5,24.3,20.2,24.0
2018-03-23,18.6,27.4,19.4,26.4,22.1,25.7
2018-03-24,21.3,26.7,19.6,27.0,22.9,26.9
2018-03-25,22.8,27.2,21.2,27.2,23.2,27.3
2018-03-26,23.0,28.4,21.2,26.7,23.6,26.8
2018-03-27,21.8,27.5,21.3,26.9,24.4,28.5
2018-03-28,23.4,28.4,22.2,28.3,24.8,28.2
2018-03-29,25.1,30.7,22.9,28.0,25.0,28.4
2018-03-30,23.7,28.1,23.7,29.5,24.7,28.2
2018-03-31,24.1,29.0,24.1,29.5,24.9,27.9
2018-04-01,24.9,30.8,24.3,28.6,25.4,28.4
2018-04-02,24.9,31.5,23.9,28.7,25.2,28.1
2018-04-03,25.0,31.4,23.6,28.2,25.6,28.8
2018-04-04,25.1,30.4,24.2,29.3,26.0,28.8
2018-04-05,25.7,30.1,25.1,30.8,26.5,29.8
2018-04-06,19.8,27.6,22.2,29.5,25.4,29.5
2018-04-07,15.5,18.2,17.1,18.4,20.0,22.7
2018-04-08,19.7,25.4,20.1,26.8,22.1,26.4
2018-04-09,22.3,30.0,20.8,28.4,23.2,26.8
2018-04-10,23.7,30.2,23.3,30.3,25.1,29.4
2018-04-11,25.8,31.8,26.0,32.5,27.4,31.2
2018-04-12,25.0,29.7,26.5,30.2,28.2,31.3
2018-04-13,26.8,33.5,26.9,32.4,28.5,31.4
2018-04-14,26.4,30.1,27.9,32.2,28.6,32.2
2018-04-15,19.2,25.6,23.6,27.7,27.6,31.3
2018-04-16,19.5,21.8,21.3,27.9,25.1,27.8
2018-04-17,17.4,19.3,19.8,24.5,25.4,30.3
2018-04-18,20.5,24.7,22.6,28.5,25.3,28.6
2018-04-19,24.2,30.3,24.5,28.7,26.4,29.7
2018-04-20,25.1,29.0,25.1,30.3,26.7,29.8
2018-04-21,26.2,32.0,25.6,30.9,27.5,30.5
2018-04-22,27.3,34.1,26.7,32.2,28.4,31.4
2018-04-23,27.7,34.3,27.0,33.4,28.9,33.2
2018-04-24,23.0,27.9,25.9,29.1,27.4,29.3
2018-04-25,20.9,24.2,24.3,29.3,26.3,28.5
2018-04-26,22.8,27.4,25.1,30.8,26.3,28.7
2018-04-27,23.7,27.9,25.7,30.0,27.0,29.4
2018-04-28,24.5,27.0,26.0,29.7,26.9,29.9
2018-04-29,26.2,32.3,26.8,31.1,27.1,29.9
2018-04-30,26.9,32.2,27.2,32.2,28.1,31.3
2018-05-01,27.6,33.1,27.7,32.5,28.3,31.1
2018-05-02,28.8,34.8,28.6,33.4,28.6,31.9
2018-05-03,22.1,26.0,26.8,31.1,29.1,32.8
2018-05-04,24.2,27.6,25.9,30.9,27.4,30.6
2018-05-05,26.8,32.0,27.5,33.0,28.4,31.5
2018-05-06,27.9,34.4,28.8,34.0,29.0,32.2
2018-05-07,28.8,34.6,29.1,33.0,29.0,32.4
2018-05-08,25.1,31.9,25.8,30.0,27.0,29.0
2018-05-09,23.0,24.3,22.6,25.4,26.6,30.3
2018-05-10,23.4,26.9,24.7,30.5,26.4,29.2
2018-05-11,25.8,29.7,26.4,31.7,27.0,29.4
2018-05-12,27.4,32.8,26.5,30.9,27.5,30.2
2018-05-13,28.1,33.0,27.6,31.4,28.0,30.7
2018-05-14,28.8,35.2,28.0,32.9,28.7,31.5
2018-05-15,28.8,33.8,28.3,32.8,29.4,32.6
2018-05-16,29.7,35.6,29.1,33.6,29.9,32.5
2018-05-17,30.7,36.0,29.2,33.6,29.5,32.4
2018-05-18,30.7,37.4,28.7,33.7,29.3,32.3
2018-05-19,29.8,35.3,28.9,33.4,29.3,32.0
2018-05-20,30.2,35.0,29.4,33.1,29.8,32.4
2018-05-21,29.3,35.2,28.9,32.4,30.1,33.0
2018-05-22,30.0,35.1,29.3,34.3,30.0,32.8
2018-05-23,27.1,33.3,29.2,34.4,29.9,32.5
2018-05-24,27.5,34.8,29.1,34.0,29.8,32.2
2018-05-25,29.6,34.4,29.4,33.8,30.0,32.7
2018-05-26,30.6,36.0,29.8,33.9,30.1,33.0
2018-05-27,31.1,38.2,30.1,36.2,30.2,33.4
2018-05-28,30.8,35.8,30.7,36.3,30.5,33.5
2018-05-29,30.0,37.1,30.9,35.2,30.8,33.7
2018-05-30,29.6,37.1,30.8,36.1,30.6,33.4
2018-05-31,30.7,37.3,30.5,35.5,30.5,33.1
2018-06-01,24.7,27.6,28.8,34.8,30.6,34.1
2018-06-02,25.2,28.0,28.3,34.5,29.7,32.0
2018-06-03,27.2,31.8,29.3,34.8,29.7,32.8
2018-06-04,28.6,36.0,30.1,35.7,30.2,33.0
2018-06-05,29.8,37.4,29.8,35.7,30.5,33.7
2018-06-06,28.3,36.7,30.3,35.8,30.3,33.5
2018-06-07,29.4,34.6,30.4,35.2,30.6,33.6
2018-06-08,30.1,33.9,30.1,35.2,30.6,34.2
2018-06-09,28.8,33.5,30.4,35.6,30.5,33.8
2018-06-10,28.0,32.2,29.9,35.3,30.5,33.1
2018-06-11,25.8,27.0,28.3,31.5,29.3,32.1
2018-06-12,28.1,33.3,29.6,34.4,30.1,32.8
2018-06-13,28.0,31.5,29.8,34.5,29.9,32.9
2018-06-14,26.1,30.2,29.4,33.7,27.6,29.3
2018-06-15,25.0,25.9,28.1,32.8,27.6,29.2
2018-06-16,26.4,30.5,28.9,34.6,28.1,30.6
2018-06-17,28.6,33.2,27.1,33.1,27.2,29.5
2018-06-18,28.5,31.8,26.5,29.2,27.9,30.7
2018-06-19,29.3,33.7,25.1,27.0,26.4,28.1
2018-06-20,30.0,33.7,25.0,27.1,25.5,27.0
2018-06-21,29.4,33.5,27.6,32.3,27.3,31.5
2018-06-22,28.5,35.1,27.5,32.0,28.2,30.7
2018-06-23,29.2,33.5,28.1,32.7,29.2,31.6
2018-06-24,29.7,34.7,28.6,32.8,29.4,32.2
2018-06-25,30.5,36.4,28.8,33.5,29.6,32.0
2018-06-26,30.7,37.0,28.9,32.6,29.7,33.5
2018-06-27,31.0,37.1,29.1,34.2,29.0,33.0
2018-06-28,31.2,37.8,28.4,32.8,29.6,32.1
2018-06-29,29.3,36.5,29.5,34.1,30.0,32.5
2018-06-30,29.2,35.2,28.4,33.3,29.6,33.1
2018-07-01,30.4,34.8,27.0,33.4,28.8,33.1
2018-07-02,31.7,36.1,25.0,26.8,26.8,29.4
2018-07-03,31.4,34.9,26.2,29.2,26.7,32.3
2018-07-04,31.9,35.5,26.0,29.7,26.2,28.1
2018-07-05,30.2,32.1,27.1,30.0,26.8,28.7
2018-07-06,30.6,38.5,28.7,32.9,28.1,31.6
2018-07-07,28.4,34.3,27.8,33.6,27.9,31.3
2018-07-08,29.8,35.7,28.5,33.2,29.5,33.9
2018-07-09,30.6,36.1,29.5,33.5,30.1,32.8
2018-07-10,28.4,33.8,28.9,32.1,30.3,32.7
2018-07-11,27.9,30.6,27.9,31.2,30.1,32.4
2018-07-12,30.0,34.0,29.1,33.3,29.1,31.8
2018-07-13,30.9,34.5,28.4,33.9,29.8,33.9
2018-07-14,30.7,34.7,28.5,33.9,29.5,33.4
2018-07-15,30.2,33.2,28.5,32.4,29.2,32.5
2018-07-16,30.1,34.1,29.7,33.6,29.8,32.9
2018-07-17,31.1,34.5,30.8,35.4,30.7,33.5
2018-07-18,31.0,35.4,30.8,34.9,30.6,33.9
2018-07-19,30.6,34.9,30.4,34.2,29.4,33.0
2018-07-20,29.8,33.7,29.5,33.4,29.0,31.9
2018-07-21,28.3,34.7,29.5,33.5,29.4,32.3
2018-07-22,29.0,34.6,27.5,33.2,29.2,32.8
2018-07-23,29.9,32.7,27.5,30.9,30.1,32.6
2018-07-24,29.3,34.7,28.2,34.1,29.2,32.2
2018-07-25,29.8,36.1,27.7,33.6,28.6,32.8
2018-07-26,30.8,36.4,29.1,33.1,29.4,33.4
2018-07-27,30.0,35.7,29.3,33.7,28.7,32.3
2018-07-28,30.4,36.0,29.0,33.5,29.5,32.9
2018-07-29,31.8,36.2,29.2,34.0,30.4,33.4
2018-07-30,32.2,37.0,30.1,34.5,30.8,33.5
2018-07-31,32.5,37.4,30.5,34.4,31.0,33.7
2018-08-01,32.1,37.0,30.7,35.1,30.8,33.5
2018-08-02,32.3,37.2,29.6,32.9,29.1,31.4
2018-08-03,29.8,36.5,28.6,32.9,28.6,32.8
2018-08-04,29.6,35.6,29.4,34.9,28.8,33.2
2018-08-05,30.9,36.2,28.5,34.6,28.9,33.6
2018-08-06,30.8,35.2,29.3,33.9,29.6,34.0
2018-08-07,30.7,36.6,29.6,33.3,30.1,33.1
2018-08-08,30.5,36.1,29.9,34.2,29.5,32.3
2018-08-09,30.1,36.0,29.7,33.3,29.4,32.8
2018-08-10,30.9,36.5,29.8,33.9,29.1,32.2
2018-08-11,30.7,36.2,29.0,33.9,29.3,33.0
2018-08-12,29.3,31.2,29.6,33.6,30.2,33.7
2018-08-13,30.3,34.5,28.0,34.0,27.4,29.8
2018-08-14,28.1,30.3,26.7,33.8,28.0,32.1
2018-08-15,29.6,33.4,27.3,29.9,26.9,28.0
2018-08-16,30.6,34.2,28.1,31.1,28.7,34.1
2018-08-17,29.7,36.7,29.4,32.8,28.1,30.3
2018-08-18,28.7,32.3,27.8,32.4,27.8,31.3
2018-08-19,28.5,33.9,26.6,32.3,27.4,29.3
2018-08-20,28.6,35.1,27.2,33.8,28.4,31.6
2018-08-21,29.6,34.0,27.6,32.8,28.5,31.8
2018-08-22,30.4,35.3,27.2,32.8,28.1,30.1
2018-08-23,29.9,32.8,26.7,32.2,25.6,27.4
2018-08-24,28.0,30.8,24.6,27.3,25.9,28.3
2018-08-25,29.0,32.7,26.5,30.9,27.0,29.0
2018-08-26,28.8,33.2,26.2,30.1,27.3,29.8
2018-08-27,28.1,32.4,26.3,31.3,26.1,27.2
2018-08-28,27.3,33.1,25.7,28.6,25.1,26.3
2018-08-29,27.3,32.2,25.8,30.2,25.4,26.7
2018-08-30,26.3,31.9,26.9,30.4,26.4,27.8
2018-08-31,26.9,34.4,27.1,30.7,27.9,30.9
2018-09-01,27.1,32.5,27.9,31.9,29.0,32.7
2018-09-02,28.2,33.8,28.3,32.6,28.7,32.3
2018-09-03,30.1,36.1,28.7,32.9,28.9,32.3
2018-09-04,31.0,37.0,29.4,34.0,29.3,32.7
2018-09-05,29.8,36.0,29.2,33.5,29.6,32.7
2018-09-06,29.8,35.8,28.4,32.0,28.3,32.5
2018-09-07,28.4,34.4,28.1,33.1,28.4,31.5
2018-09-08,27.0,31.3,27.5,31.5,27.8,31.8
2018-09-09,24.0,24.9,27.2,30.4,28.7,32.9
2018-09-10,24.9,27.0,27.4,32.4,28.0,32.2
2018-09-11,29.4,33.6,28.6,32.3,28.9,33.3
2018-09-12,29.6,34.0,28.6,32.4,29.4,32.5
2018-09-13,30.2,34.5,29.2,33.8,29.2,32.1
2018-09-14,29.8,33.7,29.3,33.4,29.8,32.4
2018-09-15,28.8,30.7,28.0,31.8,29.0,31.8
2018-09-16,29.9,32.4,28.4,32.8,30.2,32.3
2018-09-17,31.3,37.8,29.8,35.2,29.9,33.7
2018-09-18,30.9,35.6,28.8,32.5,29.5,32.3
2018-09-19,30.4,34.8,28.7,33.0,29.2,32.1
2018-09-20,29.9,34.6,28.8,32.3,29.6,32.5
2018-09-21,29.8,34.8,29.1,33.4,29.9,33.1
2018-09-22,29.3,34.0,29.3,33.2,30.0,32.5
2018-09-23,28.8,34.2,29.2,33.7,29.7,32.4
2018-09-24,26.6,30.7,28.6,33.1,29.1,33.3
2018-09-25,27.5,31.0,28.5,33.8,28.7,31.9
2018-09-26,24.5,25.7,27.0,31.4,29.1,32.9
2018-09-27,25.6,30.1,27.2,31.7,29.0,32.5
2018-09-28,25.1,26.4,26.6,30.0,29.0,33.0
2018-09-29,23.5,25.8,26.1,29.9,28.1,32.9
2018-09-30,24.2,28.5,26.7,32.1,27.7,29.7
2018-10-01,26.2,31.2,26.7,32.6,27.7,30.7
2018-10-02,24.9,28.7,25.5,30.9,27.7,30.7
2018-10-03,24.6,28.1,25.4,31.8,27.0,29.9
2018-10-04,22.7,24.5,24.4,28.2,26.5,31.2
2018-10-05,25.6,30.9,25.3,29.5,26.5,29.5
2018-10-06,25.5,28.5,27.0,32.1,27.6,30.7
2018-10-07,23.8,25.5,26.5,32.2,27.7,30.7
2018-10-08,24.2,25.1,26.6,32.0,27.6,30.5
2018-10-09,24.6,26.5,26.7,31.3,27.7,30.8
2018-10-10,23.3,25.4,26.9,31.9,27.1,30.7
2018-10-11,21.3,22.2,24.0,26.6,27.1,30.3
2018-10-12,19.7,20.9,22.5,26.0,26.7,29.4
2018-10-13,21.2,23.8,24.4,29.9,26.6,29.3
2018-10-14,23.8,27.9,26.4,31.9,27.4,30.4
2018-10-15,24.8,28.2,26.4,31.3,27.6,30.0
2018-10-16,24.4,28.6,26.0,30.8,27.3,30.4
2018-10-17,21.3,22.2,23.7,27.6,26.9,30.9
2018-10-18,23.2,26.1,25.1,30.7,26.8,30.0
2018-10-19,21.5,23.3,24.2,29.1,27.2,29.9
2018-10-20,22.4,23.9,24.2,30.7,26.5,29.2
2018-10-21,24.0,28.3,24.4,31.0,26.6,29.1
2018-10-22,24.9,30.2,25.1,30.6,26.7,29.6
2018-10-23,23.2,25.2,25.5,30.4,27.5,30.2
2018-10-24,23.9,25.9,25.1,30.3,27.0,28.9
2018-10-25,25.3,29.5,25.3,31.3,27.0,29.9
2018-10-26,25.5,30.5,25.4,31.4,27.3,30.6
2018-10-27,22.7,26.3,23.9,28.7,26.3,30.4
2018-10-28,20.6,25.2,21.9,28.1,24.4,27.3
2018-10-29,21.5,26.4,21.8,29.4,24.8,28.6
2018-10-30,23.0,26.3,23.4,31.3,25.4,29.5
2018-10-31,20.2,22.1,22.9,26.4,24.5,26.3
2018-11-01,19.5,20.6,21.4,23.4,24.1,27.9
2018-11-02,21.4,22.9,23.0,27.0,23.9,26.0
2018-11-03,23.8,25.5,25.0,31.6,26.7,31.0
2018-11-04,24.5,27.5,25.2,31.0,26.3,29.1
2018-11-05,23.9,25.4,25.4,30.8,26.7,28.8
2018-11-06,25.6,30.0,25.3,30.7,26.6,29.3
2018-11-07,26.5,30.8,25.1,30.4,26.7,29.9
2018-11-08,25.6,29.7,25.8,31.7,27.0,30.1
2018-11-09,23.0,24.1,25.0,30.8,26.9,29.8
2018-11-10,24.2,28.1,24.4,28.8,26.0,28.9
2018-11-11,24.9,29.7,24.3,28.4,26.1,28.9
2018-11-12,24.1,28.4,24.0,27.6,26.3,29.4
2018-11-13,22.0,23.7,23.7,29.5,26.1,29.5
2018-11-14,21.9,24.3,23.3,29.6,25.5,28.4
2018-11-15,23.7,28.1,23.5,29.9,25.8,28.5
2018-11-16,24.7,28.8,24.7,29.1,27.1,29.7
2018-11-17,21.7,22.6,23.5,26.6,27.1,29.9
2018-11-18,24.5,30.0,24.6,30.4,26.6,29.4
2018-11-19,21.0,22.5,23.0,27.6,26.6,32.1
2018-11-20,22.6,25.0,23.4,28.4,25.5,28.7
2018-11-21,24.1,29.0,24.5,29.7,25.7,28.8
2018-11-22,19.0,21.6,21.5,24.9,24.9,28.6
2018-11-23,18.3,19.4,21.0,26.6,24.1,28.5
2018-11-24,21.9,25.4,22.0,29.2,24.0,27.5
2018-11-25,23.5,27.9,21.4,26.4,24.5,27.7
2018-11-26,21.0,23.6,20.1,22.5,22.9,24.6
2018-11-27,21.0,22.4,22.1,26.0,24.9,28.6
2018-11-28,20.0,21.1,20.6,23.0,24.6,27.4
2018-11-29,20.9,24.0,21.8,27.7,24.6,28.0
2018-11-30,22.7,27.0,22.3,28.3,24.6,27.4
2018-12-01,23.4,28.4,22.5,28.2,24.5,27.4
2018-12-02,24.7,30.5,22.3,29.1,24.2,27.5
2018-12-03,23.5,30.4,22.6,30.2,25.6,30.6
2018-12-04,24.1,30.3,23.7,30.9,26.6,32.4
2018-12-05,22.2,22.8,24.4,30.2,26.5,29.5
2018-12-06,23.8,29.8,25.2,31.7,26.2,29.4
2018-12-07,19.0,21.6,22.4,27.3,25.3,28.1
2018-12-08,17.9,19.1,21.2,26.3,23.4,26.4
2018-12-09,17.9,19.0,20.5,24.3,23.5,27.5
2018-12-10,20.8,22.7,21.0,23.3,24.0,27.9
2018-12-11,20.0,22.4,21.4,25.8,24.8,29.3
2018-12-12,16.0,17.3,18.1,21.0,22.4,25.4
2018-12-13,17.0,18.6,19.1,24.5,22.2,25.7
2018-12-14,17.5,18.7,20.6,26.2,22.7,26.4
2018-12-15,19.3,21.7,21.4,27.4,23.0,26.4
2018-12-16,20.3,23.3,21.8,28.4,23.8,26.6
2018-12-17,16.1,19.9,19.0,23.9,21.6,25.9
2018-12-18,17.5,22.8,18.7,25.6,21.9,24.9
2018-12-19,20.4,25.8,19.1,25.6,21.9,25.0
2018-12-20,20.8,28.0,20.9,29.8,23.3,27.8
2018-12-21,22.1,26.1,21.1,26.7,23.6,28.6
2018-12-22,23.1,28.1,22.7,29.0,24.4,28.9
2018-12-23,20.5,23.2,22.1,27.1,24.8,27.7
2018-12-24,17.2,18.7,20.1,25.0,23.4,26.7
2018-12-25,21.2,24.8,21.7,28.2,24.2,28.0
2018-12-26,20.5,21.5,22.0,27.0,24.2,29.3
2018-12-27,17.5,19.6,20.0,24.2,23.0,27.3
2018-12-28,15.0,16.0,18.2,23.3,20.9,25.0
2018-12-29,13.7,15.1,16.3,21.9,19.3,24.0
2018-12-30,15.2,16.2,17.8,23.8,19.9,23.2
2018-12-31,16.2,17.5,18.0,21.1,20.9,24.1
2019-01-01,16.2,17.4,18.8,23.6,21.3,24.3
2019-01-02,17.0,18.2,18.9,22.2,21.2,23.6
2019-01-03,18.4,20.0,19.3,22.5,22.5,26.9
2019-01-04,22.0,28.6,20.9,27.1,22.9,26.5
2019-01-05,19.9,22.4,22.2,27.2,24.9,28.8
2019-01-06,18.0,19.3,20.1,24.1,23.9,27.8
2019-01-07,20.6,24.0,20.7,27.0,23.1,26.5
2019-01-08,20.0,21.4,21.1,25.5,23.4,27.5
2019-01-09,18.7,20.6,20.9,27.0,23.4,27.0
2019-01-10,22.7,28.3,21.5,27.9,24.0,26.6
2019-01-11,22.1,27.1,22.6,29.0,24.8,27.8
2019-01-12,19.6,21.2,22.3,27.9,25.1,28.4
2019-01-13,18.6,20.4,20.6,26.1,23.5,27.2
2019-01-14,19.7,22.5,20.4,24.9,22.9,25.9
2019-01-15,21.0,23.1,20.4,26.4,22.8,26.5
2019-01-16,16.6,18.2,17.5,19.3,20.8,22.9
2019-01-17,15.7,16.4,16.3,20.3,19.9,24.3
2019-01-18,18.2,22.0,18.4,24.3,20.2,23.4
2019-01-19,19.1,23.6,19.6,23.6,21.9,25.8
2019-01-20,18.4,23.0,20.1,24.2,22.5,26.0
2019-01-21,15.2,16.2,16.6,21.1,19.3,22.9
2019-01-22,14.5,15.5,15.0,18.0,18.5,22.5
2019-01-23,16.2,18.2,16.4,23.8,18.7,23.4
2019-01-24,17.8,21.1,17.6,24.7,20.6,24.9
2019-01-25,18.9,23.5,17.8,25.5,21.1,25.6
2019-01-26,15.4,17.9,16.7,22.1,19.2,23.5
2019-01-27,15.5,17.5,16.8,22.8,19.0,22.7
2019-01-28,17.9,23.4,17.4,25.0,20.5,24.5
2019-01-29,20.0,24.3,18.3,25.8,21.8,25.9
2019-01-30,20.9,26.9,20.6,27.4,22.5,26.2
2019-01-31,19.9,27.8,22.4,31.0,24.2,28.8
2019-02-01,15.0,16.7,17.1,20.6,22.1,25.5
2019-02-02,20.1,27.1,18.8,26.8,22.8,26.2
2019-02-03,21.8,29.0,21.8,31.7,24.8,29.7
2019-02-04,18.2,21.6,21.3,26.4,24.0,27.7
2019-02-05,18.5,22.3,20.1,26.4,22.5,26.8
2019-02-06,20.8,26.6,21.6,28.9,23.2,26.7
2019-02-07,22.1,31.3,23.2,31.5,25.0,31.3
2019-02-08,16.9,17.9,19.9,25.2,23.0,26.4
2019-02-09,16.4,17.4,19.2,23.2,23.3,27.5
2019-02-10,16.8,19.4,19.0,25.0,23.0,27.5
2019-02-11,16.7,18.7,18.9,24.3,23.2,27.3
2019-02-12,20.7,26.1,20.4,26.9,23.1,26.6
2019-02-13,18.9,20.8,21.6,27.2,25.1,29.6
2019-02-14,19.1,20.9,21.8,29.2,24.6,28.2
2019-02-15,21.3,28.3,22.6,30.2,24.2,28.1
2019-02-16,18.0,19.8,21.2,28.7,24.3,28.3
2019-02-17,16.8,18.9,19.3,24.9,22.9,27.3
2019-02-18,20.3,23.9,20.7,27.9,24.5,28.3
2019-02-19,20.7,26.8,22.6,29.4,26.2,29.7
2019-02-20,23.0,29.5,23.3,29.8,26.2,29.2
2019-02-21,21.4,25.7,22.1,27.5,26.0,29.2
2019-02-22,17.8,19.7,20.3,25.7,23.8,28.8
2019-02-23,14.5,15.5,17.4,21.9,22.2,25.4
2019-02-24,15.4,15.9,16.5,18.7,22.3,26.1
2019-02-25,17.3,19.9,19.8,26.6,21.9,26.2
2019-02-26,18.1,20.5,20.3,27.2,22.9,26.4
2019-02-27,20.8,25.5,21.8,27.6,24.0,28.4
2019-02-28,18.8,20.9,22.2,27.3,25.4,29.4
2019-03-01,19.5,22.5,21.3,28.4,23.6,26.9
2019-03-02,21.9,27.8,22.9,28.2,24.3,28.0
2019-03-03,18.9,21.4,20.2,26.5,24.4,28.3
2019-03-04,18.4,22.2,20.8,27.3,23.4,27.0
2019-03-05,19.9,26.9,20.7,26.9,25.5,31.5
2019-03-06,17.9,21.1,19.9,25.6,23.9,27.9
2019-03-07,13.5,15.4,14.7,18.1,20.8,23.3
2019-03-08,15.3,17.9,15.4,19.7,19.9,24.7
2019-03-09,17.8,19.5,18.4,20.7,23.9,28.9
2019-03-10,16.9,19.5,19.1,23.8,22.9,26.9
2019-03-11,16.9,18.1,18.3,21.3,21.3,24.7
2019-03-12,20.6,27.8,20.7,26.8,22.5,26.0
2019-03-13,20.9,25.4,21.9,27.9,24.0,27.8
2019-03-14,21.1,25.5,21.2,27.4,24.1,27.7
2019-03-15,17.5,20.5,18.4,21.1,22.5,26.2
2019-03-16,19.3,20.2,20.9,25.1,23.6,27.1
2019-03-17,19.7,23.5,21.2,24.9,24.4,27.4
2019-03-18,21.4,26.3,21.6,28.1,25.1,28.7
2019-03-19,21.4,24.6,23.5,30.0,25.7,28.6
2019-03-20,25.0,30.9,24.7,29.2,26.4,31.1
2019-03-21,26.2,32.5,25.9,32.3,26.3,29.2
2019-03-22,20.6,23.9,23.8,29.1,26.8,30.5
2019-03-23,16.0,17.5,18.4,22.2,21.9,24.4
2019-03-24,16.9,18.7,17.5,19.7,21.2,24.6
2019-03-25,18.4,19.9,19.5,21.8,24.3,29.5
2019-03-26,20.2,23.2,21.5,28.9,24.6,28.4
2019-03-27,23.3,28.9,23.7,29.6,25.6,28.7
2019-03-28,25.7,32.9,25.4,31.2,26.4,29.3
2019-03-29,23.6,28.2,24.6,29.7,26.4,29.3
2019-03-30,21.1,25.3,23.4,28.8,25.7,28.9
2019-03-31,19.2,22.0,23.1,29.4,25.5,28.2
2019-04-01,16.5,17.6,18.0,19.6,23.8,28.1
2019-04-02,19.8,22.2,20.7,25.7,24.4,27.8
2019-04-03,20.6,22.4,21.4,26.5,25.9,30.9
2019-04-04,24.1,30.8,22.1,27.7,25.2,28.9
2019-04-05,21.5,25.2,23.2,28.5,25.6,28.6
2019-04-06,23.5,30.0,24.0,29.3,25.7,28.5
2019-04-07,25.4,31.7,25.0,29.6,26.2,29.5
2019-04-08,26.8,32.8,25.8,31.5,26.6,29.7
2019-04-09,27.4,33.2,26.7,32.2,27.6,31.3
2019-04-10,25.6,34.3,27.0,31.6,27.2,30.1
2019-04-11,21.5,27.5,24.1,31.0,27.5,30.7
2019-04-12,19.7,21.4,22.2,27.1,25.9,28.9
2019-04-13,21.7,26.1,22.5,28.3,26.9,30.2
2019-04-14,22.9,29.6,24.7,30.5,27.2,29.6
2019-04-15,20.2,22.7,21.8,24.0,26.1,28.7
2019-04-16,19.5,20.8,20.5,21.8,24.8,26.4
2019-04-17,22.6,27.9,24.2,29.9,25.6,29.6
2019-04-18,25.4,32.9,25.5,30.6,27.1,30.0
2019-04-19,24.8,30.6,23.4,27.6,25.9,30.6
2019-04-20,24.7,28.8,25.1,29.7,28.1,33.3
2019-04-21,25.4,29.3,24.4,30.0,26.4,28.7
2019-04-22,26.9,33.7,26.9,32.1,27.7,30.5
2019-04-23,28.7,35.4,28.1,32.8,28.4,30.5
2019-04-24,29.1,34.4,27.9,33.1,28.0,30.9
2019-04-25,29.3,35.9,28.1,33.2,28.4,31.2
2019-04-26,26.5,29.9,27.4,33.3,28.8,31.3
2019-04-27,23.6,24.8,27.2,32.8,28.1,30.8
2019-04-28,25.7,29.6,26.8,31.9,28.2,30.7
2019-04-29,27.5,33.0,27.7,32.8,29.1,32.5
2019-04-30,28.0,34.1,27.8,32.5,29.1,32.0
2019-05-01,21.5,24.9,23.1,27.6,26.0,28.3
2019-05-02,19.9,22.1,21.0,22.9,25.4,29.0
2019-05-03,22.2,26.6,22.7,27.1,25.4,28.8
2019-05-04,23.2,24.7,25.1,29.9,24.9,27.5
2019-05-05,25.0,28.6,24.4,28.9,25.3,29.0
2019-05-06,21.1,23.0,21.3,23.4,23.6,24.6
2019-05-07,19.1,20.3,20.4,22.9,24.4,26.6
2019-05-08,21.6,23.9,22.4,27.0,25.3,28.2
2019-05-09,21.2,23.1,23.6,26.8,26.9,29.7
2019-05-10,22.1,24.9,25.2,31.0,27.4,30.8
2019-05-11,23.7,26.7,26.6,31.9,28.0,31.6
2019-05-12,26.7,32.1,27.7,33.0,28.2,30.7
2019-05-13,28.5,33.9,28.2,32.9,29.0,31.6
2019-05-14,27.5,32.0,28.4,33.2,29.3,31.7
2019-05-15,27.3,31.3,28.8,33.7,28.7,30.9
2019-05-16,29.1,33.1,27.0,30.4,29.8,32.7
2019-05-17,26.5,28.7,26.8,29.2,29.7,32.2
2019-05-18,28.8,32.4,26.7,29.3,29.9,32.3
2019-05-19,30.3,35.1,26.8,31.5,30.0,32.3
2019-05-20,24.6,28.5,24.8,29.7,28.0,32.1
2019-05-21,23.5,27.1,23.7,25.7,26.4,27.7
2019-05-22,23.9,26.1,24.7,29.1,26.7,30.1
2019-05-23,23.9,27.7,23.4,27.5,27.1,29.7
2019-05-24,27.4,31.7,26.9,31.1,27.2,30.4
2019-05-25,28.1,31.8,27.5,31.8,28.0,30.9
2019-05-26,28.5,33.1,27.9,31.6,29.1,33.0
2019-05-27,27.6,32.0,27.3,32.1,28.6,30.4
2019-05-28,24.4,26.7,25.8,29.2,29.1,32.6
2019-05-29,23.0,24.7,24.7,29.4,28.4,30.7
2019-05-30,26.2,32.1,26.8,32.4,28.6,31.2
2019-05-31,28.2,34.3,28.6,32.8,29.0,32.2
2019-06-01,27.1,32.3,28.0,32.4,29.1,31.9
2019-06-02,30.0,36.6,28.8,33.2,29.8,32.4
2019-06-03,28.4,31.3,28.6,31.6,30.2,32.5
2019-06-04,27.8,30.0,25.9,30.3,28.1,31.1
2019-06-05,29.3,34.4,28.0,34.2,29.4,33.0
2019-06-06,30.1,35.2,29.1,34.6,30.8,33.9
2019-06-07,30.3,35.9,29.1,35.0,30.7,33.3
2019-06-08,30.3,35.4,29.1,34.6,30.3,32.8
2019-06-09,30.5,34.4,29.9,34.5,30.3,33.0
2019-06-10,27.5,30.6,27.4,31.4,28.7,33.4
2019-06-11,24.8,26.7,25.4,27.3,28.0,32.6
2019-06-12,24.2,27.0,24.3,25.3,27.9,31.2
2019-06-13,24.7,26.5,26.6,31.4,29.2,32.4
2019-06-14,24.6,26.7,25.9,31.1,28.1,31.0
2019-06-15,25.9,30.5,27.9,33.5,29.1,32.0
2019-06-16,28.6,34.7,27.6,34.6,29.3,32.0
2019-06-17,29.3,34.9,27.6,34.3,30.1,33.4
2019-06-18,29.7,34.2,29.2,35.3,31.0,34.3
2019-06-19,31.6,36.7,30.3,34.6,30.7,33.2
2019-06-20,32.0,36.9,30.0,34.0,30.8,33.5
2019-06-21,32.3,36.7,30.2,34.5,30.8,33.5
2019-06-22,29.8,32.0,30.5,33.5,31.0,33.7
2019-06-23,26.2,28.0,27.4,31.0,28.9,32.5
2019-06-24,25.4,26.5,24.9,26.6,29.2,32.9
2019-06-25,27.6,34.5,27.6,34.0,28.1,31.1
2019-06-26,27.6,33.2,27.8,32.1,27.0,29.0
2019-06-27,28.3,35.1,28.7,32.6,28.0,32.1
2019-06-28,30.7,35.9,30.1,35.6,30.0,33.0
2019-06-29,30.9,35.3,30.2,34.5,30.3,33.0
2019-06-30,30.8,35.2,28.7,34.6,30.4,32.9
2019-07-01,31.0,35.3,29.6,34.4,30.3,34.2
2019-07-02,29.2,34.6,30.0,33.5,27.8,30.2
2019-07-03,29.0,33.3,27.7,30.9,28.0,33.3
2019-07-04,30.4,34.0,29.3,34.8,29.0,32.7
2019-07-05,31.3,35.8,29.0,32.8,28.1,30.6
2019-07-06,30.6,34.1,27.6,29.6,29.3,32.6
2019-07-07,31.7,37.0,30.0,34.8,28.9,32.5
2019-07-08,31.3,35.8,30.3,35.4,27.8,31.1
2019-07-09,31.3,36.2,29.1,32.3,27.7,31.8
2019-07-10,31.5,37.0,28.8,32.8,29.7,32.1
2019-07-11,30.2,34.9,27.9,32.2,26.7,30.4
2019-07-12,29.1,37.4,29.9,35.6,29.6,32.5
2019-07-13,31.2,37.4,30.2,34.7,30.2,33.0
2019-07-14,31.2,36.6,30.2,34.1,30.6,33.1
2019-07-15,31.1,36.9,30.7,35.6,30.7,33.4
2019-07-16,31.4,36.3,30.7,34.4,31.0,33.1
2019-07-17,30.5,34.3,31.8,36.6,30.7,33.0
2019-07-18,29.1,33.3,28.8,32.3,30.2,32.7
2019-07-19,30.2,34.8,28.9,32.9,27.7,30.9
2019-07-20,30.1,37.0,28.9,32.9,26.2,28.1
2019-07-21,29.3,36.3,29.2,33.8,27.6,31.5
2019-07-22,28.2,35.2,29.0,33.9,28.7,30.8
2019-07-23,27.9,34.2,27.9,34.3,29.3,32.5
2019-07-24,29.2,35.3,28.9,33.7,29.9,32.9
2019-07-25,30.7,35.6,29.7,33.8,30.3,33.1
2019-07-26,29.8,36.9,30.0,35.5,30.5,33.5
2019-07-27,29.3,36.1,27.6,35.1,29.0,31.1
2019-07-28,30.0,34.1,28.3,34.5,29.7,33.4
2019-07-29,30.9,35.4,29.9,35.1,30.8,34.7
2019-07-30,31.4,35.9,30.5,35.7,30.8,33.5
2019-07-31,31.6,35.4,29.8,34.9,31.1,35.2
2019-08-01,31.9,35.8,28.3,33.0,29.4,31.4
2019-08-02,30.8,35.4,27.3,31.9,28.1,33.1
2019-08-03,30.4,35.1,28.6,33.3,29.3,33.1
2019-08-04,31.5,37.6,29.7,35.0,30.1,33.0
2019-08-05,30.8,35.6,29.8,34.8,29.7,32.9
2019-08-06,30.7,35.2,30.0,34.6,29.5,33.0
2019-08-07,29.6,32.6,30.4,35.2,29.6,32.6
2019-08-08,29.1,33.8,29.1,34.7,30.1,33.0
2019-08-09,28.9,33.1,27.4,31.0,30.4,33.2
2019-08-10,32.9,37.8,29.8,32.6,30.6,31.8
2019-08-11,32.3,36.4,28.7,31.0,30.6,33.2
2019-08-12,30.7,35.4,26.5,28.6,29.5,32.2
2019-08-13,31.7,37.2,26.9,30.6,27.7,29.9
2019-08-14,31.9,36.9,29.3,34.3,28.4,32.1
2019-08-15,31.5,34.8,26.7,30.4,29.7,32.2
2019-08-16,31.2,36.1,27.1,31.2,28.0,29.9
2019-08-17,32.3,37.4,26.2,31.4,26.3,28.9
2019-08-18,28.9,35.1,26.4,30.7,25.5,26.1
2019-08-19,27.4,31.5,25.9,30.6,25.9,27.5
2019-08-20,28.3,33.4,26.5,32.0,26.2,28.7
2019-08-21,28.1,33.2,27.2,32.8,28.0,31.0
2019-08-22,30.1,35.6,28.6,34.6,29.5,32.2
2019-08-23,30.5,34.5,29.9,34.3,30.0,32.2
2019-08-24,29.1,31.0,28.9,33.1,27.9,29.9
2019-08-25,30.4,33.9,28.5,34.8,27.9,29.8
2019-08-26,30.4,35.1,28.6,34.9,30.1,32.7
2019-08-27,31.0,36.3,28.8,33.8,30.0,32.9
2019-08-28,31.8,35.1,30.4,36.0,30.0,32.5
2019-08-29,31.9,36.8,29.9,33.4,29.3,31.9
2019-08-30,28.8,34.4,28.3,32.5,27.5,31.7
2019-08-31,30.8,35.1,29.4,34.3,28.9,31.8
2019-09-01,31.4,35.3,28.0,35.2,29.5,32.3
2019-09-02,31.3,35.7,28.9,35.6,29.9,32.2
2019-09-03,30.6,34.5,29.2,34.0,29.1,32.5
2019-09-04,27.2,30.3,26.6,30.9,26.5,28.7
2019-09-05,26.4,27.9,26.5,33.4,28.8,32.4
2019-09-06,29.2,34.5,27.9,33.4,28.8,32.0
2019-09-07,29.6,35.3,28.3,32.6,28.7,31.6
2019-09-08,28.5,34.1,28.4,33.5,29.5,31.9
2019-09-09,29.4,35.3,28.8,33.5,29.7,32.1
2019-09-10,30.5,35.7,29.2,34.0,27.2,30.1
2019-09-11,31.1,36.1,29.3,34.0,28.9,32.3
2019-09-12,30.3,34.5,29.6,33.7,29.7,32.4
2019-09-13,29.9,34.1,29.2,32.6,30.0,32.5
2019-09-14,29.1,33.3,29.5,34.0,29.9,32.1
2019-09-15,26.6,28.6,28.4,33.1,29.0,32.5
2019-09-16,27.1,31.2,28.1,31.4,29.2,31.1
2019-09-17,26.7,30.0,28.1,33.2,29.8,32.5
2019-09-18,26.4,30.3,28.2,33.6,29.5,32.1
2019-09-19,26.0,30.6,27.1,31.9,28.7,30.8
2019-09-20,22.9,24.2,25.7,28.2,27.8,32.8
2019-09-21,21.2,22.5,24.6,27.9,27.0,30.2
2019-09-22,23.6,27.8,26.2,30.8,27.9,31.3
2019-09-23,24.5,27.8,26.5,31.6,27.6,30.2
2019-09-24,24.7,27.1,26.1,31.3,27.8,30.3
2019-09-25,25.7,29.4,26.2,31.7,28.3,30.8
2019-09-26,25.7,28.8,26.6,31.4,28.3,30.5
2019-09-27,25.1,26.3,27.6,32.2,28.3,30.7
2019-09-28,25.1,27.2,28.0,32.7,28.8,31.6
2019-09-29,27.0,31.2,27.9,32.3,29.3,32.2
2019-09-30,25.3,27.0,27.0,31.3,28.6,31.2
2019-10-01,27.8,33.7,26.5,31.5,28.9,31.8
2019-10-02,28.6,34.8,28.1,33.6,29.0,31.8
2019-10-03,28.6,34.2,28.4,33.5,29.0,31.9
2019-10-04,28.3,34.5,27.7,31.8,28.8,31.8
2019-10-05,28.5,33.6,27.8,32.0,28.1,30.8
2019-10-06,27.9,31.5,28.3,32.0,28.3,31.5
2019-10-07,28.1,33.0,28.0,31.6,28.7,31.5
2019-10-08,27.0,30.1,27.7,31.7,28.5,31.2
2019-10-09,25.9,29.0,27.9,31.8,28.4,31.3
2019-10-10,26.0,30.6,27.1,32.7,28.4,31.2
2019-10-11,26.0,32.6,27.2,31.3,28.2,30.6
2019-10-12,26.2,30.6,27.4,31.0,28.1,30.9
2019-10-13,26.0,29.0,27.3,32.3,27.8,30.4
2019-10-14,25.1,29.6,26.1,31.4,28.3,30.6
2019-10-15,23.9,27.5,25.5,30.6,27.8,30.2
2019-10-16,23.2,24.4,25.0,30.5,27.3,29.2
2019-10-17,24.0,26.9,25.4,30.6,27.4,29.9
2019-10-18,23.2,28.2,25.1,30.7,27.0,29.2
2019-10-19,23.0,25.2,24.4,29.7,27.3,30.4
2019-10-20,23.5,27.4,24.3,29.4,26.7,28.8
2019-10-21,23.1,25.2,24.4,29.3,26.6,28.9
2019-10-22,24.1,28.8,24.7,30.7,26.7,29.5
2019-10-23,24.6,28.4,25.0,30.9,27.3,30.1
2019-10-24,24.6,28.5,25.3,31.1,27.0,28.9
2019-10-25,24.7,28.9,25.2,30.9,27.2,29.7
2019-10-26,24.2,28.0,24.9,30.2,26.8,29.3
2019-10-27,24.7,28.8,24.7,31.2,27.0,29.4
2019-10-28,24.6,28.4,24.6,30.1,26.8,30.8
2019-10-29,22.5,23.6,23.6,26.8,26.6,31.3
2019-10-30,22.9,23.8,25.2,30.4,26.7,28.9
2019-10-31,23.2,25.1,25.3,30.3,27.2,29.6
2019-11-01,24.2,26.3,26.0,30.8,27.5,29.7
2019-11-02,24.4,26.9,25.3,30.9,27.1,29.8
2019-11-03,24.2,25.9,24.7,30.1,27.3,31.3
2019-11-04,23.1,23.7,23.8,27.5,25.2,27.7
2019-11-05,22.2,23.6,24.0,29.0,25.3,28.2
2019-11-06,23.5,26.8,24.0,30.0,25.5,28.1
2019-11-07,23.8,27.7,23.7,30.3,25.3,28.6
2019-11-08,22.4,26.3,23.4,29.0,25.3,29.3
2019-11-09,21.4,24.6,22.3,28.1,24.8,28.2
2019-11-10,21.5,26.8,21.9,28.7,24.4,27.3
2019-11-11,21.5,26.5,22.3,28.2,24.6,27.9
2019-11-12,23.3,28.0,22.7,29.6,24.7,28.6
2019-11-13,23.8,30.0,22.8,28.8,24.9,28.8
2019-11-14,21.0,22.6,22.0,26.5,24.9,27.9
2019-11-15,21.8,26.0,22.5,29.2,24.4,27.3
2019-11-16,23.7,28.7,22.5,28.2,24.8,28.4
2019-11-17,24.0,31.1,23.7,31.0,26.0,30.6
2019-11-18,21.9,26.8,23.0,30.2,26.2,31.8
2019-11-19,18.4,19.7,20.6,23.0,24.0,27.4
2019-11-20,18.8,20.8,21.7,27.1,24.3,26.4
2019-11-21,20.9,23.3,21.9,28.4,24.0,27.9
2019-11-22,22.1,24.4,24.4,29.9,24.9,29.5
2019-11-23,23.8,27.7,23.3,29.2,25.8,29.9
2019-11-24,23.8,27.6,24.5,31.1,26.0,30.7
2019-11-25,21.5,23.4,23.7,30.3,25.7,28.2
2019-11-26,20.4,22.2,23.3,29.0,24.8,27.0
2019-11-27,20.6,23.4,22.8,30.8,24.8,27.8
2019-11-28,18.3,20.2,20.4,24.7,23.5,27.8
2019-11-29,19.0,23.2,20.9,26.3,22.5,25.3
2019-11-30,21.5,25.7,21.4,27.2,23.1,26.7
2019-12-01,21.8,28.7,22.5,29.5,23.5,27.0
2019-12-02,16.9,20.2,18.3,22.0,21.5,27.0
2019-12-03,17.2,19.5,17.6,22.9,20.2,23.8
2019-12-04,17.6,19.0,18.2,22.7,19.9,23.4
2019-12-05,15.3,15.9,15.4,16.1,17.9,21.0
2019-12-06,15.4,16.3,15.5,16.5,17.3,19.0
2019-12-07,14.6,15.9,16.0,19.9,17.4,20.3
2019-12-08,16.3,21.1,17.2,23.4,18.9,23.0
2019-12-09,18.8,22.3,16.7,23.3,20.3,24.1
2019-12-10,20.3,25.4,18.5,25.7,21.4,27.2
2019-12-11,20.0,24.3,18.7,25.1,21.5,25.4
2019-12-12,19.2,22.1,19.0,26.0,21.7,25.4
2019-12-13,20.5,24.5,18.8,24.5,22.2,27.7
2019-12-14,20.5,23.3,20.0,27.4,23.0,27.5
2019-12-15,22.5,27.7,20.6,27.6,22.9,26.0
2019-12-16,22.1,28.4,20.7,27.7,23.7,28.6
2019-12-17,23.2,29.5,22.2,29.3,24.9,29.6
2019-12-18,20.6,22.7,21.5,27.5,24.5,28.5
2019-12-19,19.7,22.1,20.2,25.8,22.9,26.6
2019-12-20,18.6,20.8,20.2,25.5,21.9,25.4
2019-12-21,20.2,22.8,20.5,25.7,23.0,27.1
2019-12-22,20.0,24.0,20.9,28.3,23.4,28.8
2019-12-23,19.9,23.3,20.4,25.2,23.0,27.1
2019-12-24,19.9,23.8,20.4,26.0,23.6,27.7
2019-12-25,21.0,26.7,21.3,28.7,23.4,26.5
2019-12-26,19.8,24.2,21.7,28.0,24.6,29.3
2019-12-27,15.7,16.8,17.9,22.4,20.9,22.8
2019-12-28,19.3,23.2,19.7,25.4,21.5,24.2
2019-12-29,19.2,20.7,18.6,19.7,21.0,23.7
2019-12-30,19.9,22.0,19.5,21.5,22.9,28.3
2019-12-31,15.7,18.1,18.3,23.1,21.8,24.5
2020-01-01,16.0,17.1,17.3,21.6,20.9,23.8
2020-01-02,19.9,25.8,18.2,24.7,20.8,24.0
2020-01-03,21.0,26.5,18.7,23.8,21.2,24.3
2020-01-04,21.1,26.9,19.3,24.6,21.5,24.5
2020-01-05,22.1,26.7,19.8,25.1,21.7,25.2
2020-01-06,21.6,27.7,20.0,24.5,21.5,25.9
2020-01-07,22.3,28.4,20.4,26.1,22.8,27.6
2020-01-08,18.4,22.0,19.5,26.2,22.8,26.6
2020-01-09,19.2,23.9,19.1,25.7,21.7,25.3
2020-01-10,21.6,27.7,19.3,25.3,22.4,25.8
2020-01-11,19.9,24.4,19.1,24.6,22.6,26.6
2020-01-12,15.7,18.8,17.0,21.0,20.5,25.0
2020-01-13,16.3,19.9,17.1,22.7,20.1,24.8
2020-01-14,17.7,21.4,18.4,24.5,21.5,28.4
2020-01-15,18.2,20.7,17.8,24.7,20.6,25.2
2020-01-16,19.6,24.3,19.1,25.8,21.7,26.1
2020-01-17,15.9,18.1,17.3,21.4,20.1,25.1
2020-01-18,14.6,15.7,16.2,21.7,18.6,23.3
2020-01-19,14.8,15.7,16.9,22.1,19.7,25.2
2020-01-20,15.9,19.7,17.2,25.2,20.0,24.9
2020-01-21,18.3,23.9,17.9,25.9,21.3,25.3
2020-01-22,20.8,28.3,20.9,27.5,23.7,27.7
2020-01-23,21.6,29.4,22.5,29.0,25.0,29.0
2020-01-24,21.3,27.4,21.3,26.3,24.3,28.5
2020-01-25,20.2,23.4,20.7,26.3,22.4,25.4
2020-01-26,17.8,19.3,17.8,20.2,21.1,26.8
2020-01-27,14.7,16.0,16.6,20.0,20.1,23.9
2020-01-28,14.0,15.4,14.6,17.8,17.1,19.0
2020-01-29,12.0,13.0,13.5,17.4,16.9,20.8
2020-01-30,11.9,17.3,12.6,17.6,15.6,21.2
2020-01-31,12.0,17.6,13.0,20.5,16.3,20.2
2020-02-01,13.9,19.1,14.4,21.6,18.0,22.3
2020-02-02,17.7,23.9,16.4,23.1,19.6,24.7
2020-02-03,17.9,24.7,17.5,23.2,20.2,24.6
2020-02-04,17.1,19.1,16.8,17.8,20.7,25.2
2020-02-05,16.0,16.9,17.7,22.8,20.6,25.1
2020-02-06,19.4,24.4,18.3,25.3,20.1,24.1
2020-02-07,16.7,19.4,17.9,24.0,20.7,26.4
2020-02-08,16.2,16.6,17.0,22.3,19.7,24.1
2020-02-09,14.9,15.9,16.1,19.8,19.6,23.6
2020-02-10,16.9,21.6,17.7,24.7,20.1,23.8
2020-02-11,19.2,25.1,19.2,23.3,21.2,23.9
2020-02-12,21.5,29.6,21.9,28.9,24.1,28.9
2020-02-13,22.3,29.6,22.6,29.4,25.0,28.4
2020-02-14,21.7,29.2,22.7,29.0,25.6,29.7
2020-02-15,22.9,28.4,23.8,30.1,26.6,29.8
2020-02-16,14.3,22.1,16.7,23.0,23.9,28.9
2020-02-17,11.8,15.2,13.1,17.5,15.9,18.3
2020-02-18,13.9,17.8,14.9,22.0,18.1,21.4
2020-02-19,18.0,24.5,16.0,22.9,19.6,23.2
2020-02-20,18.0,24.1,17.8,24.4,20.7,24.9
2020-02-21,20.8,27.4,18.2,23.4,21.8,25.9
2020-02-22,19.0,24.9,19.5,26.1,21.9,25.9
2020-02-23,19.4,21.5,20.6,27.5,22.3,26.5
2020-02-24,23.1,29.4,20.8,28.1,22.9,26.4
2020-02-25,23.5,30.5,23.0,29.9,24.9,29.9
2020-02-26,23.1,31.6,23.5,30.2,25.1,28.8
2020-02-27,19.4,21.0,21.8,27.3,24.1,27.1
2020-02-28,21.9,28.1,21.7,27.6,24.2,27.2
2020-02-29,22.7,30.0,23.4,29.2,25.1,28.6
2020-03-01,21.2,26.7,23.3,29.8,25.2,29.4
2020-03-02,17.6,20.1,20.9,26.5,23.4,25.6
2020-03-03,20.4,26.2,21.9,29.1,24.1,27.4
2020-03-04,18.3,21.2,21.1,25.2,24.4,28.4
2020-03-05,14.8,15.8,16.8,20.9,21.7,25.6
2020-03-06,20.0,25.8,20.1,25.9,22.7,25.7
2020-03-07,21.8,28.9,23.3,30.0,24.9,28.7
2020-03-08,23.4,29.5,23.0,28.9,25.5,28.7
2020-03-09,23.9,29.1,25.6,32.9,26.0,29.2
2020-03-10,17.9,24.0,21.0,24.9,24.4,26.7
2020-03-11,17.8,20.4,20.0,25.6,22.5,24.8
2020-03-12,20.8,25.7,21.8,26.2,25.1,29.5
2020-03-13,19.6,22.6,22.9,29.5,26.1,29.8
2020-03-14,16.3,18.2,17.9,21.4,21.3,24.6
2020-03-15,17.6,23.6,18.9,24.7,20.9,24.1
2020-03-16,19.7,25.6,20.5,26.6,22.3,25.9
2020-03-17,21.5,28.9,21.7,27.7,23.1,26.8
2020-03-18,21.0,26.0,21.8,25.9,23.9,27.1
2020-03-19,20.4,22.7,22.2,26.8,25.3,28.6
2020-03-20,21.7,24.8,22.8,26.9,25.1,28.1
2020-03-21,24.9,31.7,24.2,29.2,25.1,27.8
2020-03-22,25.8,33.5,25.8,30.1,26.0,29.8
2020-03-23,21.5,23.3,24.9,29.7,26.3,29.7
2020-03-24,21.9,25.3,23.9,28.1,25.9,29.2
2020-03-25,25.0,31.6,24.7,29.9,25.9,29.9
2020-03-26,27.0,34.2,26.6,33.2,27.7,32.0
2020-03-27,24.8,33.1,26.7,32.3,28.2,31.2
2020-03-28,18.4,22.4,21.7,26.3,26.0,30.6
2020-03-29,17.8,21.5,20.6,27.5,22.8,26.2
2020-03-30,20.2,24.1,22.1,26.2,26.0,30.2
2020-03-31,21.0,26.6,24.0,30.4,26.4,29.6
2020-04-01,18.0,21.0,21.9,26.2,26.1,29.4
2020-04-02,19.1,23.0,20.6,25.6,23.7,27.0
2020-04-03,20.2,24.7,21.4,27.6,24.5,27.5
2020-04-04,18.1,19.5,20.5,24.4,24.9,29.4
2020-04-05,17.7,19.8,18.5,21.9,23.5,28.0
2020-04-06,18.3,20.9,18.2,21.3,22.1,24.3
2020-04-07,17.2,18.2,19.1,23.9,22.6,26.9
2020-04-08,19.0,20.5,20.9,26.9,22.9,26.6
2020-04-09,20.2,24.8,22.6,28.3,24.9,28.3
2020-04-10,23.0,28.3,23.8,29.8,24.7,27.5
2020-04-11,20.8,25.5,21.8,26.4,24.9,27.6
2020-04-12,15.5,18.8,18.8,22.1,22.6,27.1
2020-04-13,17.1,25.5,18.3,23.8,21.5,25.6
2020-04-14,20.6,27.4,20.2,24.7,22.6,26.4
2020-04-15,21.4,26.9,22.3,27.7,23.9,27.5
2020-04-16,23.6,33.0,22.5,29.1,24.4,28.0
2020-04-17,24.2,31.0,23.4,29.5,25.8,29.7
2020-04-18,25.1,32.0,25.7,31.1,27.4,30.8
2020-04-19,25.7,30.5,26.8,32.8,27.8,31.0
2020-04-20,24.1,26.7,26.9,31.5,27.0,29.7
2020-04-21,23.0,26.0,24.7,29.7,27.2,30.0
2020-04-22,19.4,21.4,22.3,27.9,26.1,29.0
2020-04-23,17.9,21.5,20.2,25.2,25.2,28.5
2020-04-24,16.8,18.6,18.4,19.8,23.7,26.7
2020-04-25,20.2,22.2,22.2,26.5,25.1,28.1
2020-04-26,21.0,22.7,23.3,26.7,27.0,30.7
2020-04-27,22.3,24.4,23.7,27.7,26.7,29.7
2020-04-28,24.0,29.2,24.8,30.8,26.9,29.4
2020-04-29,25.9,32.3,25.1,30.7,26.7,29.7
2020-04-30,26.7,33.6,25.9,31.8,27.4,30.4
2020-05-01,27.1,33.6,27.0,32.6,28.2,31.8
2020-05-02,27.6,34.0,27.8,32.9,28.6,31.9
2020-05-03,28.4,34.8,28.2,32.8,28.2,31.0
2020-05-04,29.8,36.6,28.7,34.7,28.6,31.7
2020-05-05,29.4,34.8,29.1,35.0,28.5,31.2
2020-05-06,27.0,32.1,29.5,34.8,29.3,32.0
2020-05-07,25.7,28.6,29.3,33.5,29.8,31.9
2020-05-08,28.4,33.7,29.6,35.5,29.7,32.3
2020-05-09,30.5,36.6,29.9,35.0,29.5,32.2
2020-05-10,29.4,34.9,29.6,36.9,29.7,32.2
2020-05-11,25.6,29.5,28.9,33.9,29.9,33.1
2020-05-12,23.4,24.6,26.5,30.6,29.0,32.1
2020-05-13,26.2,29.7,28.3,33.9,28.4,31.2
2020-05-14,28.6,34.9,28.5,33.3,28.9,31.5
2020-05-15,29.2,34.8,29.1,35.4,30.3,34.3
2020-05-16,27.3,34.2,27.6,34.8,30.9,34.5
2020-05-17,28.6,34.8,28.0,34.0,29.6,33.1
2020-05-18,26.4,29.1,26.4,29.6,29.5,32.6
2020-05-19,23.8,25.6,23.8,26.6,26.8,29.8
2020-05-20,24.8,28.9,25.9,30.9,26.3,30.3
2020-05-21,25.2,29.6,25.2,28.1,25.9,27.7
2020-05-22,24.2,25.7,24.4,25.7,26.5,28.6
2020-05-23,23.9,25.0,25.2,28.1,27.0,28.6
2020-05-24,26.1,30.9,27.7,32.7,27.8,31.0
2020-05-25,27.1,33.1,28.4,32.4,28.6,31.3
2020-05-26,28.5,32.2,26.5,29.4,28.6,32.2
2020-05-27,24.5,27.5,25.1,26.6,26.2,28.9
2020-05-28,23.1,23.9,25.6,28.4,28.4,32.3
2020-05-29,26.1,33.5,26.4,31.6,28.5,30.8
2020-05-30,28.6,33.8,27.9,32.7,29.4,32.3
2020-05-31,29.5,34.8,28.8,32.9,30.0,32.6
2020-06-01,29.2,34.2,29.4,33.7,29.9,32.6
2020-06-02,29.1,33.7,29.2,33.6,30.2,32.7
2020-06-03,30.6,35.0,29.5,34.1,30.1,32.6
2020-06-04,31.0,36.8,29.7,34.4,30.4,33.1
2020-06-05,31.1,35.9,29.9,33.9,30.1,33.0
2020-06-06,30.9,36.8,29.1,34.2,29.0,33.1
2020-06-07,27.2,30.9,27.6,31.8,28.9,32.5
2020-06-08,26.7,29.3,25.2,28.0,27.9,32.1
2020-06-09,27.6,31.7,25.3,29.7,28.9,32.2
2020-06-10,30.0,35.6,27.6,32.9,30.1,32.9
2020-06-11,29.8,33.7,28.9,33.4,30.4,32.8
2020-06-12,30.8,36.1,29.5,33.0,31.6,35.9
2020-06-13,30.7,36.4,29.7,34.3,31.5,35.0
2020-06-14,28.9,35.3,27.8,34.1,30.3,33.1
2020-06-15,30.3,36.2,28.6,34.2,30.5,33.1
2020-06-16,31.5,36.7,29.2,33.8,30.5,32.7
2020-06-17,32.0,37.6,29.4,33.6,30.5,33.2
2020-06-18,32.3,37.4,29.6,34.7,30.6,33.6
2020-06-19,32.2,36.7,29.8,33.8,30.7,33.2
2020-06-20,32.2,37.2,29.9,33.7,30.9,33.7
2020-06-21,31.9,36.3,29.3,32.9,30.6,34.1
2020-06-22,32.1,37.6,29.8,33.8,31.0,34.3
2020-06-23,32.6,38.4,30.3,34.0,31.1,33.8
2020-06-24,31.8,38.2,30.0,34.1,31.1,33.8
2020-06-25,31.4,37.6,30.5,34.2,30.9,33.8
2020-06-26,29.0,37.8,28.1,34.5,30.5,33.3
2020-06-27,31.2,36.9,29.1,33.8,30.9,34.1
2020-06-28,30.8,38.0,30.2,34.6,31.1,33.7
2020-06-29,30.8,38.9,30.7,35.1,30.3,33.3
2020-06-30,30.7,36.7,30.3,34.0,29.9,33.1
2020-07-01,29.4,35.7,28.7,34.5,29.8,33.2
2020-07-02,27.8,34.8,27.4,34.5,30.2,33.9
2020-07-03,30.0,36.5,27.6,33.8,30.8,33.8
2020-07-04,31.2,36.9,28.9,33.6,30.8,33.5
2020-07-05,31.0,37.7,29.9,33.7,30.9,33.8
2020-07-06,31.2,35.8,29.5,33.1,30.6,33.8
2020-07-07,31.0,35.9,30.2,34.0,30.3,33.4
2020-07-08,31.4,37.2,30.3,34.6,30.9,33.4
2020-07-09,31.5,36.7,30.2,33.9,31.3,34.0
2020-07-10,32.2,38.6,29.8,35.5,31.5,33.8
2020-07-11,31.4,37.7,30.2,35.2,31.5,34.0
2020-07-12,32.5,38.0,30.3,35.6,31.7,34.2
2020-07-13,32.7,38.9,31.2,35.7,31.7,34.4
2020-07-14,32.0,37.8,30.9,35.1,30.7,34.3
2020-07-15,31.6,37.2,29.7,33.5,28.2,30.2
2020-07-16,31.4,36.0,28.6,30.5,30.1,33.6
2020-07-17,31.9,38.6,29.3,34.5,30.8,34.2
2020-07-18,31.9,38.6,30.8,34.9,31.2,34.2
2020-07-19,30.8,39.0,30.0,35.0,31.2,33.7
2020-07-20,29.6,38.2,28.9,35.2,30.1,33.8
2020-07-21,30.2,36.5,29.2,34.0,30.6,34.0
2020-07-22,31.2,37.0,30.2,34.0,31.1,34.3
2020-07-23,30.5,37.2,30.1,34.5,30.7,34.5
2020-07-24,32.4,39.7,30.5,34.9,31.1,33.9
2020-07-25,30.2,35.2,30.4,34.5,31.3,34.0
2020-07-26,28.4,37.6,29.5,34.3,30.6,34.2
2020-07-27,28.5,36.5,28.9,34.4,30.2,33.0
2020-07-28,29.7,35.1,28.0,33.8,28.4,32.9
2020-07-29,31.2,35.6,28.4,33.0,29.1,33.1
2020-07-30,30.7,33.1,29.2,32.5,30.0,32.3
2020-07-31,32.1,36.3,31.0,36.3,29.6,32.2
2020-08-01,32.3,36.5,28.9,35.0,30.7,34.4
2020-08-02,30.8,36.8,29.1,33.7,29.1,33.1
2020-08-03,26.6,28.7,25.8,27.3,27.1,29.3
2020-08-04,28.1,33.4,27.4,30.1,26.4,28.9
2020-08-05,29.6,34.4,29.0,34.0,30.0,34.3
2020-08-06,31.4,37.2,30.3,35.0,30.1,33.3
2020-08-07,31.4,36.5,29.9,34.1,30.2,33.4
2020-08-08,30.9,35.8,29.9,34.0,30.5,34.3
2020-08-09,30.6,34.2,29.5,33.2,30.6,33.0
2020-08-10,30.0,35.3,28.4,33.9,30.1,34.9
2020-08-11,28.3,34.8,26.9,30.1,29.0,30.4
2020-08-12,29.6,36.5,27.2,33.8,30.9,34.8
2020-08-13,29.9,36.8,28.6,33.5,29.3,33.6
2020-08-14,29.7,36.4,28.8,32.9,28.4,33.5
2020-08-15,29.7,35.7,26.5,31.2,28.1,33.2
2020-08-16,30.2,35.1,27.8,33.4,28.8,32.9
2020-08-17,30.9,35.5,28.7,33.5,29.0,31.9
2020-08-18,30.9,35.5,28.1,34.3,29.6,33.5
2020-08-19,31.6,36.5,28.9,33.7,30.0,33.5
2020-08-20,31.6,36.2,28.9,33.2,30.3,33.1
2020-08-21,31.1,35.5,29.6,33.7,29.3,33.0
2020-08-22,28.0,32.4,28.1,32.5,28.1,30.9
2020-08-23,29.8,33.8,28.3,33.3,28.8,32.3
2020-08-24,31.8,37.6,29.5,34.4,28.9,31.6
2020-08-25,32.9,38.5,30.2,35.2,28.7,32.7
2020-08-26,31.0,37.7,27.9,31.1,25.6,28.4
2020-08-27,27.7,36.5,27.3,31.0,27.0,29.1
2020-08-28,29.2,35.3,27.5,32.4,29.1,32.1
2020-08-29,29.4,34.6,28.7,34.9,29.5,32.5
2020-08-30,30.9,35.7,29.3,33.9,29.7,33.7
2020-08-31,29.1,34.2,28.6,31.5,28.4,32.6
2020-09-01,29.6,34.6,28.8,33.4,29.5,32.3
2020-09-02,31.7,37.6,29.9,33.9,30.2,33.0
2020-09-03,28.8,32.6,27.7,33.8,29.6,33.4
2020-09-04,29.3,33.7,28.7,33.8,29.7,32.8
2020-09-05,28.9,34.2,28.6,33.1,29.8,32.8
2020-09-06,28.1,32.8,27.6,33.4,29.8,35.0
2020-09-07,28.8,36.2,28.0,35.1,28.7,31.9
2020-09-08,29.5,35.8,29.1,34.2,29.8,33.3
2020-09-09,29.4,35.3,28.9,34.0,30.2,33.0
2020-09-10,28.2,33.9,28.5,32.4,30.0,32.8
2020-09-11,29.7,36.0,28.5,33.2,29.7,33.1
2020-09-12,28.8,33.9,28.0,33.2,29.6,32.9
2020-09-13,27.7,30.6,27.0,33.1,30.0,33.3
2020-09-14,29.5,34.7,28.6,33.8,30.2,33.2
2020-09-15,30.2,35.4,28.9,33.8,30.0,33.2
2020-09-16,30.5,36.0,29.5,34.7,30.3,33.6
2020-09-17,31.3,36.6,29.5,33.4,30.9,34.1
2020-09-18,30.6,36.6,30.0,34.8,30.6,34.6
2020-09-19,30.4,35.3,29.0,33.4,29.6,34.0
2020-09-20,27.2,32.0,29.1,33.5,29.3,33.0
2020-09-21,27.4,31.3,28.9,34.1,29.8,32.6
2020-09-22,27.3,31.9,28.1,33.8,29.9,32.5
2020-09-23,27.7,33.9,28.0,33.3,30.1,32.3
2020-09-24,25.1,27.3,27.6,32.0,29.7,33.0
2020-09-25,24.0,25.5,26.7,30.4,28.8,31.7
2020-09-26,23.9,26.0,27.0,31.8,29.3,31.9
2020-09-27,21.6,22.3,25.6,29.1,29.3,32.4
2020-09-28,22.5,23.1,25.2,27.5,29.0,32.3
2020-09-29,24.5,29.1,27.1,32.8,28.9,31.6
2020-09-30,21.6,22.7,25.7,29.4,29.1,32.0
2020-10-01,25.1,29.8,27.0,32.4,29.2,32.2
2020-10-02,26.9,31.1,27.6,32.9,28.8,32.1
2020-10-03,28.6,33.9,28.0,33.3,28.8,32.0
2020-10-04,29.3,35.9,28.5,34.8,29.2,31.9
2020-10-05,24.2,26.6,27.4,32.1,29.6,32.5
2020-10-06,24.0,26.1,26.1,31.0,29.3,32.6
2020-10-07,24.3,27.2,25.3,30.4,28.1,30.5
2020-10-08,24.2,27.9,26.0,31.2,27.9,30.6
2020-10-09,23.0,25.6,25.8,30.9,28.4,31.4
2020-10-10,24.2,26.0,26.0,31.6,28.3,31.7
2020-10-11,25.5,28.1,26.7,32.4,28.8,32.5
2020-10-12,26.1,28.7,28.0,33.3,29.2,32.1
2020-10-13,24.5,27.4,27.8,32.8,29.0,32.1
2020-10-14,25.1,27.2,27.8,33.2,28.8,31.7
2020-10-15,25.4,27.2,27.4,32.0,28.8,31.5
2020-10-16,25.0,28.3,27.3,31.3,28.3,31.3
2020-10-17,23.5,24.8,25.9,30.5,27.7,30.6
2020-10-18,22.7,25.7,25.4,30.7,27.3,30.6
2020-10-19,22.8,23.6,25.5,31.1,27.7,30.7
2020-10-20,23.9,26.6,26.1,31.6,27.7,31.9
2020-10-21,25.3,28.4,26.3,30.4,27.5,31.1
2020-10-22,22.5,24.2,24.1,29.7,26.9,33.4
2020-10-23,20.6,22.0,20.9,22.8,23.8,26.9
2020-10-24,22.5,25.4,23.7,29.2,25.8,29.3
2020-10-25,24.0,27.4,25.3,29.7,26.7,30.0
2020-10-26,25.6,29.5,25.8,31.8,27.2,30.2
2020-10-27,25.5,28.5,26.5,32.0,27.7,31.0
2020-10-28,25.7,28.9,26.4,32.9,27.7,30.5
2020-10-29,24.2,25.6,25.6,31.0,28.1,31.5
2020-10-30,23.0,26.6,24.6,28.8,27.0,29.9
2020-10-31,23.3,27.4,23.7,28.9,26.2,29.3
2020-11-01,25.2,29.8,24.4,29.4,26.1,30.4
2020-11-02,24.6,28.3,24.4,30.8,26.5,30.2
2020-11-03,21.6,24.9,23.5,28.4,26.2,29.9
2020-11-04,21.8,25.0,23.1,29.1,25.8,28.5
2020-11-05,22.9,26.0,24.0,30.0,26.4,29.2
2020-11-06,27.0,31.3,24.6,30.2,25.3,28.5
2020-11-07,27.5,32.6,25.3,28.6,26.3,28.7
2020-11-08,20.9,22.9,22.2,25.8,25.0,29.3
2020-11-09,20.8,21.7,21.4,24.7,23.8,27.2
2020-11-10,20.5,21.7,21.3,25.5,24.2,28.9
2020-11-11,22.5,25.6,22.8,29.7,24.7,28.4
2020-11-12,22.0,24.4,24.0,31.2,25.1,28.5
2020-11-13,21.9,23.4,23.2,26.8,25.6,28.1
2020-11-14,21.9,23.4,23.5,28.4,25.6,28.6
2020-11-15,24.8,28.8,24.2,28.8,25.4,28.6
2020-11-16,25.2,29.0,24.9,29.6,26.1,29.4
2020-11-17,25.8,29.4,25.0,30.1,26.6,29.2
2020-11-18,26.7,32.8,24.9,30.7,26.6,30.0
2020-11-19,26.9,32.7,25.7,31.5,27.2,29.6
2020-11-20,25.4,30.4,26.4,32.4,28.2,30.9
2020-11-21,24.0,25.3,27.0,33.7,27.4,29.0
2020-11-22,24.6,30.3,25.2,29.7,27.1,29.4
2020-11-23,21.8,23.4,24.7,30.3,26.2,28.1
2020-11-24,22.9,25.9,24.3,29.9,26.2,28.6
2020-11-25,24.6,28.6,24.1,29.8,26.1,28.6
2020-11-26,25.7,30.2,24.3,30.6,25.9,29.2
2020-11-27,21.9,24.2,22.9,28.1,25.4,28.6
2020-11-28,20.3,22.5,22.0,27.5,24.3,27.1
2020-11-29,18.8,20.6,21.6,27.3,23.8,26.7
2020-11-30,18.8,21.1,21.4,25.8,23.5,25.9
2020-12-01,18.8,19.8,21.8,27.9,23.6,26.6
2020-12-02,19.3,22.1,21.6,27.7,24.1,27.7
2020-12-03,17.0,18.1,19.0,22.7,22.4,25.9
2020-12-04,16.9,18.3,19.3,22.1,22.1,26.3
2020-12-05,17.7,19.6,20.3,26.3,23.0,27.6
2020-12-06,19.3,20.7,21.2,27.6,23.3,26.4
2020-12-07,20.5,23.0,21.9,26.7,24.3,28.0
2020-12-08,18.8,20.6,20.5,23.8,23.2,26.6
2020-12-09,19.3,20.9,19.3,21.2,22.3,24.9
2020-12-10,21.0,23.2,21.7,25.8,23.9,27.5
2020-12-11,20.5,22.2,21.6,26.3,24.2,27.3
2020-12-12,19.7,22.8,21.6,26.7,24.2,26.2
2020-12-13,20.5,25.1,20.7,27.4,23.8,28.1
2020-12-14,18.0,20.3,19.3,24.1,23.3,26.8
2020-12-15,15.6,16.2,18.2,22.9,21.1,24.6
2020-12-16,15.5,16.2,18.3,21.9,21.6,24.6
2020-12-17,16.6,19.5,19.0,25.0,21.5,25.0
2020-12-18,18.9,21.3,19.5,25.1,22.3,26.7
2020-12-19,16.8,18.7,18.5,22.4,21.3,25.3
2020-12-20,16.0,17.8,18.4,22.7,20.9,25.0
2020-12-21,15.7,16.9,17.4,19.7,20.1,22.2
2020-12-22,18.7,22.5,19.5,25.4,21.0,24.1
2020-12-23,19.4,20.5,18.7,21.9,22.3,26.1
2020-12-24,18.6,19.9,18.8,22.6,22.9,28.5
2020-12-25,17.4,18.0,18.8,23.9,21.9,25.4
2020-12-26,19.9,25.8,20.1,25.1,22.9,28.1
2020-12-27,19.7,24.5,20.3,24.9,22.5,27.0
2020-12-28,20.2,21.8,21.5,28.5,23.2,25.9
2020-12-29,21.6,26.4,21.8,26.3,24.2,28.6
2020-12-30,12.7,20.5,14.6,21.0,18.5,22.5
2020-12-31,9.9,11.5,10.5,11.8,14.5,15.9
2021-01-01,13.5,15.9,13.7,18.6,16.2,20.2
2021-01-02,14.4,15.9,15.2,21.5,17.5,22.1
2021-01-03,18.0,22.0,16.6,23.3,19.3,24.8
2021-01-04,18.2,21.1,17.4,22.1,20.2,26.3
2021-01-05,16.8,18.2,18.2,23.5,20.1,25.0
2021-01-06,15.0,16.2,16.2,17.6,19.5,21.9
2021-01-07,12.0,14.1,13.8,16.0,17.1,19.2
2021-01-08,8.2,9.6,9.1,10.8,12.7,14.6
2021-01-09,9.3,10.7,10.4,15.4,13.5,16.8
2021-01-10,13.1,16.1,13.5,19.7,15.7,19.3
2021-01-11,11.4,13.0,12.0,14.6,16.4,21.2
2021-01-12,10.3,13.7,11.1,16.3,14.1,17.4
2021-01-13,13.0,20.4,13.1,21.5,16.7,22.4
2021-01-14,15.4,21.9,14.5,22.9,17.4,21.6
2021-01-15,16.5,23.5,15.4,23.3,18.4,23.1
2021-01-16,17.5,22.5,16.5,23.8,18.8,22.5
2021-01-17,13.6,14.9,15.4,20.0,17.5,22.6
2021-01-18,14.3,16.4,14.8,20.5,16.4,19.7
2021-01-19,17.1,20.9,16.4,23.3,18.5,21.8
2021-01-20,20.7,24.4,17.6,25.0,19.7,22.8
2021-01-21,23.7,29.8,21.1,30.4,21.7,24.2
2021-01-22,22.5,25.7,21.2,25.4,21.9,24.5
2021-01-23,20.4,22.7,20.6,25.9,21.2,24.2
2021-01-24,17.6,19.5,18.7,23.8,20.9,23.0
2021-01-25,18.9,22.9,19.0,25.0,20.8,23.9
2021-01-26,18.8,23.4,18.2,24.6,20.9,23.2
2021-01-27,18.2,19.7,17.8,23.4,19.9,22.5
2021-01-28,16.1,18.2,16.4,21.6,19.2,25.2
2021-01-29,15.0,16.6,16.7,22.8,18.3,21.3
2021-01-30,18.0,22.2,16.9,23.6,18.4,21.8
2021-01-31,19.2,24.3,17.4,23.8,19.7,23.4
2021-02-01,19.0,24.4,17.8,24.9,20.2,25.4
2021-02-02,17.2,20.3,18.7,26.4,20.9,25.2
2021-02-03,19.0,23.2,18.2,25.4,20.2,23.0
2021-02-04,19.8,23.8,18.5,25.0,20.8,23.4
2021-02-05,21.2,27.2,19.0,25.7,20.7,23.5
2021-02-06,19.9,25.0,19.4,27.2,21.0,24.4
2021-02-07,21.7,27.4,19.1,26.1,21.4,25.6
2021-02-08,19.3,21.0,19.8,26.6,21.1,23.3
2021-02-09,17.2,18.5,19.7,27.4,20.7,23.6
2021-02-10,20.7,24.5,19.1,24.4,20.5,23.1
2021-02-11,19.1,21.2,17.3,19.7,20.2,27.1
2021-02-12,19.7,23.1,18.5,22.0,19.8,24.3
2021-02-13,19.0,20.8,20.4,26.2,20.5,22.7
2021-02-14,18.6,22.5,19.4,25.1,20.3,23.7
2021-02-15,19.0,23.9,19.5,26.0,20.0,23.0
2021-02-16,20.6,25.5,20.4,26.7,21.3,24.5
2021-02-17,15.9,18.4,18.1,22.0,21.1,24.7
2021-02-18,14.5,17.8,16.6,21.7,18.7,21.1
2021-02-19,15.6,19.9,16.5,22.8,18.7,21.4
2021-02-20,17.0,24.3,16.3,22.4,18.9,22.4
2021-02-21,18.3,24.8,17.7,24.8,20.1,24.0
2021-02-22,20.0,27.2,19.2,27.1,21.8,26.1
2021-02-23,21.7,26.7,20.1,27.8,21.6,25.6
2021-02-24,23.1,27.6,20.0,24.5,21.7,24.3
2021-02-25,22.8,28.4,21.4,26.8,22.3,25.2
2021-02-26,20.7,24.6,22.1,28.5,23.4,27.3
2021-02-27,17.1,19.1,18.7,23.5,22.8,26.7
2021-02-28,17.8,20.0,20.7,27.1,22.1,25.1
2021-03-01,21.6,27.4,22.7,28.6,23.8,27.4
2021-03-02,16.4,22.0,19.5,23.0,23.4,26.7
2021-03-03,16.9,18.3,17.5,19.5,20.9,22.8
2021-03-04,18.1,21.8,19.6,26.9,22.7,25.5
2021-03-05,20.4,23.6,21.8,27.8,23.5,26.1
2021-03-06,18.2,20.9,21.0,26.6,24.6,27.8
2021-03-07,17.9,19.7,18.7,22.2,23.1,26.4
2021-03-08,18.2,19.8,19.4,24.7,21.8,24.5
2021-03-09,19.8,23.6,20.1,27.0,22.2,25.2
2021-03-10,18.9,21.3,20.9,26.6,22.2,24.6
2021-03-11,22.0,27.5,21.4,27.0,22.5,25.0
2021-03-12,20.0,23.5,22.7,27.8,23.7,26.4
2021-03-13,18.9,21.5,21.1,27.6,23.1,24.9
2021-03-14,20.3,23.4,21.1,26.7,22.9,25.6
2021-03-15,22.7,28.9,21.8,27.4,23.5,26.8
2021-03-16,23.9,30.0,24.3,30.9,24.5,27.7
2021-03-17,22.1,26.0,24.0,29.6,26.4,30.2
2021-03-18,21.6,24.9,23.4,30.2,24.7,27.0
2021-03-19,23.0,26.8,23.4,28.9,24.7,27.1
2021-03-20,22.8,27.7,23.9,30.3,25.4,27.8
2021-03-21,17.1,20.8,19.5,24.8,23.6,27.0
2021-03-22,13.5,15.9,14.6,16.3,19.0,21.7
2021-03-23,17.7,19.7,18.2,23.1,21.2,23.5
2021-03-24,16.3,18.4,17.3,20.2,21.3,24.2
2021-03-25,16.9,21.3,19.2,25.5,22.8,27.5
2021-03-26,22.3,27.1,22.0,27.4,23.8,27.3
2021-03-27,23.3,29.4,23.9,29.7,25.3,28.2
2021-03-28,23.9,29.1,25.4,31.4,26.3,29.2
2021-03-29,24.7,29.9,25.5,30.6,25.9,28.3
2021-03-30,25.1,30.4,26.5,30.7,26.4,28.8
2021-03-31,24.5,28.5,26.1,31.3,26.6,29.2
2021-04-01,26.3,30.5,26.0,28.6,26.8,29.3
2021-04-02,26.3,30.9,26.4,32.5,27.1,30.4
2021-04-03,25.2,29.9,26.0,31.1,26.9,29.7
2021-04-04,19.6,23.0,24.1,29.5,26.5,30.0
2021-04-05,17.7,20.5,22.1,28.0,24.5,26.4
2021-04-06,18.9,21.9,22.3,28.8,24.0,25.9
2021-04-07,20.4,23.8,21.4,25.2,24.3,25.9
2021-04-08,20.0,22.9,21.6,28.0,24.6,27.8
2021-04-09,16.8,17.9,19.1,22.7,23.3,26.9
2021-04-10,18.9,20.7,21.0,26.8,23.6,28.4
2021-04-11,24.3,30.1,22.4,29.2,24.5,27.2
2021-04-12,24.7,30.0,23.9,29.9,25.6,29.1
2021-04-13,23.6,30.1,24.9,30.6,26.1,28.7
2021-04-14,19.7,21.3,23.3,28.6,26.1,28.5
2021-04-15,20.6,23.5,23.2,29.3,25.4,29.6
2021-04-16,21.3,25.5,24.6,31.2,25.4,28.1
2021-04-17,22.2,26.3,24.9,31.3,26.8,30.1
2021-04-18,20.9,22.9,24.3,30.6,26.1,28.4
2021-04-19,21.6,25.4,24.2,29.7,24.6,26.7
2021-04-20,23.9,28.5,25.4,29.7,25.5,28.6
2021-04-21,24.8,29.6,26.0,31.3,26.5,28.9
2021-04-22,26.8,30.7,25.4,30.1,26.3,29.6
2021-04-23,24.7,27.9,26.0,31.0,27.0,30.5
2021-04-24,24.8,28.6,25.6,32.0,26.4,28.8
2021-04-25,23.1,24.6,23.5,26.5,24.2,27.5
2021-04-26,24.3,28.1,25.0,31.0,23.0,24.2
2021-04-27,24.4,29.1,23.9,27.8,24.6,27.9
2021-04-28,22.1,23.2,23.5,26.3,25.4,28.1
2021-04-29,19.7,21.7,21.8,23.4,24.5,26.5
2021-04-30,23.3,30.6,24.3,29.9,25.3,27.6
2021-05-01,25.2,31.1,24.8,29.8,25.7,28.3
2021-05-02,26.0,31.4,25.5,31.8,26.5,29.4
2021-05-03,26.5,29.7,25.3,29.5,26.3,28.8
2021-05-04,27.7,32.3,26.9,32.3,27.7,31.2
2021-05-05,22.6,26.9,25.6,30.1,28.2,30.5
2021-05-06,24.2,28.9,26.1,32.6,27.4,30.1
2021-05-07,27.9,32.4,27.4,32.6,28.2,30.5
2021-05-08,26.7,30.8,28.0,33.1,28.6,31.7
2021-05-09,27.6,32.1,28.6,34.7,28.3,31.0
2021-05-10,28.8,32.4,28.5,33.2,28.2,30.7
2021-05-11,29.4,35.4,29.1,34.3,28.7,31.2
2021-05-12,30.0,37.0,29.9,35.4,29.1,32.5
2021-05-13,30.1,34.1,30.1,35.0,29.3,32.1
2021-05-14,29.8,33.7,29.4,33.7,30.1,33.6
2021-05-15,29.7,34.7,29.8,35.4,30.2,33.3
2021-05-16,30.9,35.9,30.6,37.0,29.5,32.2
2021-05-17,30.3,34.6,30.3,35.3,29.6,31.9
2021-05-18,29.0,32.6,30.1,35.0,29.6,31.9
2021-05-19,28.9,34.5,30.1,36.3,30.2,32.8
2021-05-20,29.8,35.5,30.4,35.7,30.0,32.2
2021-05-21,29.7,35.3,30.7,35.9,30.2,32.4
2021-05-22,29.1,34.0,30.4,35.2,30.3,32.7
2021-05-23,30.2,35.5,30.9,36.5,30.7,33.1
2021-05-24,28.2,34.6,30.5,35.8,30.8,32.9
2021-05-25,26.8,32.3,30.1,35.8,30.4,33.3
2021-05-26,29.6,33.6,30.2,35.3,30.1,32.4
2021-05-27,31.2,37.6,30.8,36.8,30.7,33.3
2021-05-28,31.1,38.2,31.0,36.5,30.5,33.3
2021-05-29,26.5,28.0,29.6,33.1,29.9,32.9
2021-05-30,26.2,28.7,25.7,28.8,28.1,30.2
2021-05-31,24.4,25.9,25.6,29.1,28.8,31.5
2021-06-01,26.3,32.8,26.7,32.7,28.6,30.7
2021-06-02,27.8,33.5,29.0,34.9,29.8,32.6
2021-06-03,30.0,35.5,30.0,35.0,30.6,33.8
2021-06-04,27.8,33.3,29.6,34.2,30.3,32.7
2021-06-05,24.7,26.8,26.2,30.6,27.3,29.6
2021-06-06,23.8,25.1,24.6,27.1,25.8,28.7
2021-06-07,26.5,30.2,27.0,32.0,27.2,29.8
2021-06-08,28.8,34.1,27.9,33.7,29.2,32.3
2021-06-09,28.9,32.7,28.6,33.7,28.4,31.4
2021-06-10,29.0,33.8,29.6,33.9,29.6,33.3
2021-06-11,29.5,33.6,29.7,33.4,30.2,33.4
2021-06-12,29.9,34.6,29.1,34.1,29.8,33.0
2021-06-13,29.7,33.6,29.0,33.9,29.7,32.1
2021-06-14,31.1,35.0,29.7,34.3,29.9,32.4
2021-06-15,31.6,34.2,30.1,33.7,29.6,31.6
2021-06-16,32.3,35.9,28.3,30.8,28.3,29.7
2021-06-17,32.5,36.6,30.0,34.0,29.0,31.9
2021-06-18,32.8,37.0,30.1,33.8,28.6,31.4
2021-06-19,32.9,36.8,28.5,30.3,28.2,31.4
2021-06-20,32.1,36.3,27.2,29.9,27.7,29.3
2021-06-21,31.6,35.2,26.0,28.7,28.8,31.5
2021-06-22,27.3,30.6,25.5,29.6,26.4,28.8
2021-06-23,25.3,28.3,25.8,27.4,26.6,30.1
2021-06-24,26.3,29.5,25.9,29.3,26.7,31.1
2021-06-25,26.8,29.6,26.8,31.3,26.5,30.9
2021-06-26,29.2,34.0,26.8,29.4,27.1,31.2
2021-06-27,30.6,35.2,27.4,30.4,26.4,29.8
2021-06-28,30.6,34.6,26.2,30.0,25.9,29.7
2021-06-29,31.5,35.8,25.9,30.4,26.3,30.4
2021-06-30,31.1,34.7,28.2,32.3,28.5,31.6
2021-07-01,31.6,36.4,29.4,33.7,29.4,32.0
2021-07-02,31.2,35.7,29.8,33.3,29.6,31.8
2021-07-03,30.6,35.6,29.9,33.8,29.5,31.6
2021-07-04,30.6,34.4,29.3,33.1,30.4,34.3
2021-07-05,31.2,34.7,29.8,35.0,29.5,31.9
2021-07-06,30.7,35.9,28.6,32.2,29.1,31.3
2021-07-07,30.2,34.6,28.9,33.3,30.3,32.3
2021-07-08,31.2,34.8,29.5,33.3,29.9,32.2
2021-07-09,31.5,36.8,29.8,34.5,30.0,32.2
2021-07-10,31.0,35.0,30.0,33.4,30.6,33.3
2021-07-11,30.7,35.8,29.6,33.0,30.6,33.3
2021-07-12,30.3,35.8,29.6,33.4,30.4,33.1
2021-07-13,29.5,35.4,27.9,33.5,30.1,32.6
2021-07-14,30.3,34.7,28.8,34.2,29.1,33.3
2021-07-15,31.4,35.8,28.2,33.0,27.6,30.8
2021-07-16,31.4,36.1,27.2,32.9,28.2,32.5
2021-07-17,30.9,35.4,28.6,33.3,29.1,32.1
2021-07-18,30.7,34.7,28.4,32.9,29.7,32.2
2021-07-19,31.2,36.0,28.1,33.3,28.6,31.6
2021-07-20,30.3,34.8,28.4,32.3,27.1,30.3
2021-07-21,28.5,33.6,29.3,34.1,28.7,31.5
2021-07-22,27.8,30.8,27.9,31.6,29.3,31.2
2021-07-23,27.4,29.2,27.4,30.3,29.2,31.4
2021-07-24,27.7,30.8,28.0,30.9,29.4,31.8
2021-07-25,32.4,37.8,29.8,33.6,29.3,31.2
2021-07-26,31.6,37.5,28.9,32.5,29.9,32.2
2021-07-27,31.3,37.4,30.6,34.9,29.9,32.9
2021-07-28,30.8,36.8,30.9,34.1,27.9,29.7
2021-07-29,29.6,35.4,30.0,33.6,28.2,31.9
2021-07-30,29.4,35.2,29.7,32.7,27.0,28.8
2021-07-31,27.8,34.0,27.3,30.2,25.7,27.4
2021-08-01,28.1,30.3,25.1,28.8,27.6,29.8
2021-08-02,28.4,33.4,25.0,26.7,26.8,29.0
2021-08-03,27.8,30.8,26.3,30.4,27.7,30.5
2021-08-04,28.4,33.0,28.1,32.0,28.0,31.0
2021-08-05,28.2,33.3,26.0,27.4,26.8,28.6
2021-08-06,26.9,27.8,24.9,26.7,28.3,29.3
2021-08-07,25.4,26.4,25.3,26.9,27.8,29.0
2021-08-08,29.1,34.6,27.2,31.0,26.9,28.3
2021-08-09,28.8,33.5,27.0,29.4,27.7,29.9
2021-08-10,28.8,33.5,26.7,32.7,27.6,30.3
2021-08-11,28.7,34.0,27.0,32.5,28.3,30.8
2021-08-12,29.4,34.8,28.2,32.3,28.5,31.3
2021-08-13,28.2,35.1,28.2,32.8,26.7,28.6
2021-08-14,28.1,34.0,28.0,32.1,26.6,29.6
2021-08-15,29.0,31.9,28.2,32.2,28.3,30.8
2021-08-16,30.1,34.6,29.4,33.2,29.4,31.7
2021-08-17,30.0,34.6,29.6,33.6,29.5,32.1
2021-08-18,28.4,31.8,28.5,30.9,29.3,31.6
2021-08-19,27.5,33.8,27.2,33.6,29.3,32.1
2021-08-20,28.8,33.5,28.3,33.3,29.2,32.4
2021-08-21,28.5,33.7,29.2,33.0,29.2,32.2
2021-08-22,29.4,33.4,29.0,33.3,29.1,31.8
2021-08-23,30.1,34.2,29.6,33.0,29.7,31.9
2021-08-24,29.1,34.7,28.4,32.4,29.8,32.7
2021-08-25,28.6,34.5,28.3,33.7,29.4,32.1
2021-08-26,29.8,34.2,28.1,33.0,28.3,32.4
2021-08-27,30.4,35.0,29.2,33.7,29.3,33.2
2021-08-28,30.9,34.3,29.3,33.7,29.9,32.8
2021-08-29,30.9,34.3,29.5,34.6,29.8,33.0
2021-08-30,30.9,34.1,28.7,30.5,28.1,29.5
2021-08-31,30.7,34.6,28.8,31.9,28.7,31.7
2021-09-01,31.0,35.4,29.3,33.1,29.3,32.7
2021-09-02,29.7,34.4,29.4,32.6,28.6,31.4
2021-09-03,29.8,34.2,27.5,32.5,27.9,31.8
2021-09-04,28.3,34.1,27.8,32.1,28.2,32.4
2021-09-05,30.2,33.9,28.7,32.8,27.7,31.0
2021-09-06,30.0,34.9,28.6,33.5,28.9,32.1
2021-09-07,30.4,34.9,29.6,34.1,29.6,32.7
2021-09-08,30.7,35.2,29.3,33.0,29.6,32.4
2021-09-09,31.0,35.3,29.9,34.7,29.6,32.1
2021-09-10,31.3,35.1,29.7,33.4,30.2,32.9
2021-09-11,29.5,32.7,29.6,32.6,29.5,30.8
2021-09-12,26.6,28.6,26.9,30.0,28.6,30.5
2021-09-13,30.3,34.5,28.2,32.0,27.6,31.2
2021-09-14,30.8,34.7,29.9,33.9,28.3,31.5
2021-09-15,29.2,34.3,28.9,34.7,28.8,31.9
2021-09-16,28.6,32.7,27.8,34.1,29.1,31.4
2021-09-17,28.7,33.6,28.7,33.3,29.8,32.1
2021-09-18,29.3,33.8,29.7,33.7,29.7,32.5
2021-09-19,30.4,34.8,29.4,33.6,29.8,32.0
2021-09-20,30.7,35.4,29.6,33.9,30.1,32.8
2021-09-21,29.8,34.8,29.3,32.7,28.8,31.7
2021-09-22,29.9,34.7,29.1,33.4,29.5,32.3
2021-09-23,30.3,34.4,29.1,33.7,29.2,32.2
2021-09-24,29.2,32.8,29.1,33.0,28.6,31.7
2021-09-25,28.4,31.4,29.7,34.2,29.0,32.3
2021-09-26,28.2,31.6,29.2,33.4,29.2,31.9
2021-09-27,28.6,31.8,28.6,32.7,29.8,32.0
2021-09-28,28.2,31.7,28.6,32.7,29.7,32.0
2021-09-29,28.2,33.7,28.8,32.9,29.4,31.4
2021-09-30,28.7,34.3,28.7,32.9,29.7,31.9
2021-10-01,28.0,31.1,29.1,33.6,29.7,31.7
2021-10-02,28.3,32.3,28.9,33.9,29.5,32.4
2021-10-03,29.4,33.6,29.1,33.8,29.1,31.7
2021-10-04,30.2,33.8,29.2,33.7,29.5,31.9
2021-10-05,29.3,32.8,29.0,32.8,29.3,31.8
2021-10-06,29.5,32.4,29.0,34.2,29.4,32.2
2021-10-07,30.1,33.5,29.1,33.2,28.5,31.6
2021-10-08,29.8,33.1,29.7,33.4,29.1,31.9
2021-10-09,29.3,32.3,29.3,32.7,29.3,31.7
2021-10-10,29.5,33.0,29.5,33.1,29.2,31.8
2021-10-11,26.8,28.5,29.6,33.4,28.0,30.1
2021-10-12,28.2,31.3,27.9,31.8,27.3,31.4
2021-10-13,27.5,29.3,26.3,29.1,26.6,29.4
2021-10-14,28.1,29.7,26.4,28.4,26.3,28.8
2021-10-15,28.6,31.7,27.9,31.5,27.9,30.7
2021-10-16,27.3,32.4,28.2,32.2,28.3,31.0
2021-10-17,22.3,23.4,24.9,28.5,27.6,30.0
2021-10-18,22.7,25.1,24.5,29.1,26.6,28.5
2021-10-19,23.9,26.5,25.1,30.4,26.9,29.3
2021-10-20,24.1,26.1,25.7,30.0,27.4,29.9
2021-10-21,22.5,24.5,24.8,27.9,27.9,31.2
2021-10-22,19.8,20.5,22.2,23.9,25.9,29.7
2021-10-23,19.9,20.7,24.5,29.8,26.4,29.7
2021-10-24,20.4,21.0,23.1,26.0,26.5,29.7
2021-10-25,21.3,23.3,24.5,29.1,26.1,29.0
2021-10-26,23.8,26.4,26.1,31.8,26.8,29.2
2021-10-27,23.8,25.5,25.5,31.6,26.9,28.9
2021-10-28,23.6,26.5,25.1,30.3,26.4,28.3
2021-10-29,22.6,25.0,23.9,28.4,25.8,27.9
2021-10-30,22.3,23.1,24.4,28.8,26.4,28.0
2021-10-31,23.3,26.8,24.5,30.0,26.4,28.7
2021-11-01,23.2,25.4,25.0,30.4,26.4,28.8
2021-11-02,23.0,23.9,24.5,29.3,26.3,28.6
2021-11-03,23.0,25.4,25.2,28.9,26.5,28.7
2021-11-04,23.2,24.4,25.8,30.1,26.7,29.0
2021-11-05,25.4,29.7,25.9,31.0,26.7,29.4
2021-11-06,25.5,29.1,26.4,31.6,27.9,31.7
2021-11-07,25.3,28.8,26.0,32.3,27.0,29.0
2021-11-08,19.9,25.0,22.5,26.8,26.0,29.8
2021-11-09,17.3,18.9,19.5,24.5,22.4,26.2
2021-11-10,17.8,20.6,18.8,22.8,22.9,26.8
2021-11-11,19.0,23.7,19.6,26.8,22.8,26.0
2021-11-12,19.1,20.5,20.8,25.7,24.1,26.4
2021-11-13,17.9,20.3,20.0,23.9,23.4,28.1
2021-11-14,19.3,20.5,20.7,25.6,22.9,27.3
2021-11-15,21.6,25.0,22.6,27.9,24.5,27.3
2021-11-16,24.0,27.8,23.0,28.5,24.9,28.4
2021-11-17,23.6,24.9,23.8,29.1,24.8,27.6
2021-11-18,21.6,22.6,22.5,26.7,24.7,29.9
2021-11-19,22.5,26.1,23.5,28.6,25.1,29.1
2021-11-20,22.7,23.5,24.1,29.3,25.2,27.1
2021-11-21,24.3,28.3,24.3,29.7,26.2,29.4
2021-11-22,19.1,23.1,20.9,25.1,24.4,28.6
2021-11-23,15.3,16.2,17.2,20.2,21.2,24.6
2021-11-24,18.0,19.4,19.5,24.6,21.6,25.2
2021-11-25,20.1,22.2,20.2,23.4,22.9,26.6
2021-11-26,19.2,20.5,20.0,23.2,23.6,28.1
2021-11-27,18.8,20.7,21.0,25.2,23.4,26.5
2021-11-28,21.7,23.5,22.6,25.3,23.9,26.2
2021-11-29,23.6,26.8,23.7,28.6,24.4,27.7
2021-11-30,21.0,24.0,22.2,26.0,24.2,28.5
2021-12-01,16.1,17.1,17.4,22.3,20.0,22.6
2021-12-02,17.1,20.4,17.6,22.2,19.8,23.3
2021-12-03,16.0,20.1,17.2,22.9,19.9,24.0
2021-12-04,17.2,20.8,17.1,24.5,20.1,23.7
2021-12-05,18.4,21.5,18.7,26.4,20.8,25.1
2021-12-06,18.9,22.3,19.8,25.3,21.3,26.4
2021-12-07,18.8,20.1,19.4,25.8,22.1,25.1
2021-12-08,20.3,23.4,19.4,25.9,22.1,24.9
2021-12-09,21.2,23.0,20.4,26.5,22.3,26.3
2021-12-10,21.8,24.1,20.7,27.2,22.4,25.3
2021-12-11,22.1,25.6,21.0,25.7,22.8,27.2
2021-12-12,19.4,21.0,20.0,26.9,22.6,26.8
2021-12-13,17.8,19.4,19.9,24.5,21.7,26.2
2021-12-14,20.7,24.4,20.3,27.5,21.9,24.7
2021-12-15,22.9,27.2,21.2,28.2,23.2,26.5
2021-12-16,22.2,26.8,22.3,27.6,23.1,26.4
2021-12-17,18.5,21.1,19.4,23.9,22.2,27.9
2021-12-18,15.4,16.4,16.7,20.4,19.3,22.2
2021-12-19,17.3,20.0,18.7,24.0,20.8,23.9
2021-12-20,19.7,22.5,19.1,22.2,20.5,22.7
2021-12-21,18.6,19.8,18.6,20.5,22.6,26.3
2021-12-22,17.7,18.5,18.9,20.8,23.1,26.2
2021-12-23,20.0,22.5,20.0,23.9,23.0,27.3
2021-12-24,19.4,20.3,20.5,24.0,23.3,28.1
2021-12-25,16.4,18.9,18.7,22.9,20.7,22.5
2021-12-26,13.9,15.2,16.3,19.9,18.2,21.0
2021-12-27,13.1,14.0,14.2,15.2,17.5,20.4
2021-12-28,16.7,19.5,17.1,22.9,19.1,23.3
2021-12-29,17.8,20.8,18.4,24.2,21.0,25.4
2021-12-30,16.0,17.0,17.6,22.0,20.4,25.4
2021-12-31,16.0,17.8,16.7,21.8,19.6,24.6
2022-01-01,16.9,20.1,18.1,24.3,20.8,26.3
2022-01-02,16.9,18.9,17.9,25.0,20.9,25.7
2022-01-03,18.6,21.0,18.6,24.8,21.5,26.2
2022-01-04,18.0,19.3,18.7,25.4,21.8,25.3
2022-01-05,19.3,21.1,19.4,23.8,22.9,27.7
2022-01-06,16.8,18.4,18.2,23.0,21.2,24.9
2022-01-07,16.1,18.0,16.9,20.9,20.6,25.2
2022-01-08,16.5,18.2,17.5,22.9,20.8,24.7
2022-01-09,17.6,19.7,18.0,23.2,20.7,24.7
2022-01-10,17.4,19.7,18.2,23.5,20.1,25.0
2022-01-11,13.8,16.4,15.4,17.9,18.6,22.0
2022-01-12,13.3,14.5,14.6,17.7,17.8,21.3
2022-01-13,14.0,15.4,15.4,20.9,17.9,24.5
2022-01-14,15.3,18.0,15.6,21.8,17.6,22.1
2022-01-15,16.9,20.9,17.9,23.7,20.2,25.8
2022-01-16,18.3,23.7,18.9,25.3,21.7,26.7
2022-01-17,17.0,18.2,18.3,22.1,21.2,25.4
2022-01-18,16.0,16.8,18.1,22.4,19.8,21.4
2022-01-19,16.6,18.3,18.6,24.5,20.1,24.4
2022-01-20,16.9,18.6,19.3,25.9,20.7,23.6
2022-01-21,17.0,18.7,18.0,19.7,21.4,24.9
2022-01-22,18.7,20.7,17.9,21.0,19.5,21.6
2022-01-23,19.2,23.8,19.4,24.9,21.9,25.9
2022-01-24,17.6,18.7,18.5,20.0,20.4,25.5
2022-01-25,18.8,21.6,19.6,26.0,20.4,27.0
2022-01-26,21.2,25.8,20.1,27.2,20.3,25.9
2022-01-27,21.2,25.7,20.7,27.6,21.1,26.5
2022-01-28,18.9,20.1,19.5,22.4,20.0,23.3
2022-01-29,16.9,18.3,17.3,19.0,18.0,19.1
2022-01-30,14.2,16.3,14.7,17.6,16.2,20.4
2022-01-31,15.8,18.3,15.7,21.1,16.2,21.1
2022-02-01,16.7,19.1,16.3,19.0,18.9,23.8
2022-02-02,17.3,20.6,17.5,22.0,19.1,24.8
2022-02-03,16.2,17.4,16.3,18.8,18.8,24.2
2022-02-04,14.8,15.6,16.4,21.9,18.1,24.8
2022-02-05,13.8,14.7,15.4,19.3,17.0,21.8
2022-02-06,14.5,16.0,15.9,21.6,17.3,24.2
2022-02-07,17.7,22.4,16.6,23.4,17.8,24.7
2022-02-08,15.9,18.0,16.7,20.7,19.4,25.0
2022-02-09,16.7,18.0,18.1,24.3,19.8,27.0
2022-02-10,17.4,19.9,18.4,23.8,19.2,25.6
2022-02-11,20.7,25.4,18.2,23.2,18.9,24.9
2022-02-12,18.7,19.6,18.6,22.2,19.6,27.1
2022-02-13,18.6,21.0,18.5,23.9,20.5,25.6
2022-02-14,15.3,16.6,15.4,18.2,17.7,20.3
2022-02-15,16.8,19.5,16.9,22.4,17.5,22.1
2022-02-16,16.9,19.5,18.1,23.7,18.9,25.5
2022-02-17,17.2,19.1,17.6,22.0,17.9,22.2
2022-02-18,16.8,18.1,17.9,23.5,19.5,25.0
2022-02-19,15.9,17.8,16.4,20.6,18.3,25.5
2022-02-20,11.0,12.9,11.2,12.7,12.0,14.8
2022-02-21,13.2,15.3,12.5,14.1,13.0,15.3
2022-02-22,15.1,16.0,15.2,16.8,16.7,20.0
2022-02-23,13.3,14.7,13.7,15.3,14.9,16.4
2022-02-24,13.2,14.7,15.2,18.8,16.2,20.0
2022-02-25,16.7,20.0,17.2,22.6,18.0,23.6
2022-02-26,18.5,23.6,18.5,24.5,19.0,25.7
2022-02-27,18.9,21.5,19.9,26.7,19.6,26.8
2022-02-28,21.4,27.8,20.9,27.8,21.2,29.0
2022-03-01,22.7,28.6,22.5,28.6,22.6,30.1
2022-03-02,20.1,21.7,22.2,27.0,23.3,29.1
2022-03-03,21.5,25.8,21.7,28.2,22.4,28.6
2022-03-04,22.1,27.1,22.7,28.2,23.2,29.7
2022-03-05,21.0,22.7,22.1,27.1,23.4,29.9
2022-03-06,19.0,20.8,22.2,27.4,22.8,27.5
2022-03-07,15.2,17.9,16.0,20.4,17.7,21.1
2022-03-08,16.5,20.9,16.5,23.6,17.0,22.8
2022-03-09,20.3,26.4,18.8,23.8,19.9,27.1
2022-03-10,21.6,25.9,19.6,25.6,20.2,27.6
2022-03-11,21.4,27.4,20.9,27.4,22.3,29.6
2022-03-12,24.2,29.0,21.9,28.8,21.8,27.3
2022-03-13,24.0,29.8,23.9,30.6,23.3,31.9
2022-03-14,23.9,28.5,23.7,28.4,25.1,31.7
2022-03-15,23.9,29.4,23.2,29.8,25.2,30.8
2022-03-16,25.3,30.0,22.9,28.2,23.7,28.4
2022-03-17,24.7,29.6,23.7,28.3,25.2,30.4
2022-03-18,20.8,24.1,23.8,27.6,25.3,29.2
2022-03-19,21.6,28.2,23.4,28.9,24.3,28.6
2022-03-20,24.0,28.4,24.2,28.6,24.3,29.6
2022-03-21,22.4,26.4,24.5,30.7,24.3,28.4
2022-03-22,18.5,22.0,22.0,25.4,26.4,31.4
2022-03-23,15.6,17.8,16.8,20.0,20.0,22.7
2022-03-24,19.1,21.9,17.8,20.2,20.3,23.8
2022-03-25,23.4,29.2,23.3,28.4,25.8,31.4
2022-03-26,22.9,27.6,24.0,26.0,27.5,32.1
2022-03-27,16.5,18.4,19.5,23.1,24.9,28.7
2022-03-28,16.4,17.7,16.4,17.5,20.7,24.3
2022-03-29,21.6,24.6,20.9,24.4,23.1,28.2
2022-03-30,23.5,28.6,23.5,28.6,24.1,29.5
2022-03-31,21.2,24.5,23.4,29.3,24.9,29.6
2022-04-01,16.4,17.6,18.7,23.3,21.0,25.7
2022-04-02,14.6,16.0,14.6,15.8,16.2,17.6
2022-04-03,15.4,17.2,15.4,20.1,16.4,20.3
2022-04-04,19.2,22.0,19.4,26.1,20.1,26.6
2022-04-05,22.1,26.8,21.1,27.3,22.5,30.3
2022-04-06,21.8,27.7,22.1,27.2,22.7,28.3
2022-04-07,21.4,23.3,22.6,26.8,23.6,28.9
2022-04-08,22.2,25.2,23.5,28.7,23.9,28.6
2022-04-09,24.2,29.1,24.0,28.8,25.0,29.6
2022-04-10,25.8,30.8,25.8,30.9,26.0,31.5
2022-04-11,26.4,31.1,25.7,30.8,26.2,30.8
2022-04-12,26.8,31.9,26.1,31.0,25.9,31.8
2022-04-13,26.5,31.8,25.6,30.6,25.8,31.3
2022-04-14,22.1,24.3,25.2,29.6,26.2,30.9
2022-04-15,19.4,21.1,22.3,27.3,24.5,30.1
2022-04-16,19.1,21.7,21.1,25.3,23.8,28.0
2022-04-17,18.5,19.8,19.9,24.0,23.3,28.9
2022-04-18,19.8,21.7,21.7,26.7,24.4,29.2
2022-04-19,17.3,18.9,19.2,22.0,22.9,27.2
2022-04-20,19.4,22.5,22.0,26.5,24.2,29.2
2022-04-21,22.2,26.5,24.5,29.2,25.5,30.7
2022-04-22,25.7,31.7,27.0,31.8,27.8,33.0
2022-04-23,26.5,30.7,26.7,31.0,28.3,33.2
2022-04-24,26.7,31.5,27.4,31.7,28.1,32.4
2022-04-25,26.6,31.2,27.3,31.9,29.9,34.5
2022-04-26,28.6,34.1,28.0,33.2,29.4,33.9
2022-04-27,27.2,30.6,28.3,32.8,28.8,33.5
2022-04-28,27.0,30.6,27.3,31.1,28.4,33.9
2022-04-29,25.1,31.9,27.3,33.1,28.9,33.4
2022-04-30,21.1,22.4,24.8,30.3,27.5,32.7
2022-05-01,18.9,20.5,21.6,25.0,24.5,29.8
2022-05-02,16.0,17.0,17.1,18.9,19.1,20.8
2022-05-03,19.8,22.0,21.2,25.8,20.9,24.4
2022-05-04,22.5,25.1,24.6,28.8,24.7,29.2
2022-05-05,24.4,27.2,24.8,27.8,26.1,30.5
2022-05-06,24.5,27.9,26.1,30.7,26.1,30.3
2022-05-07,25.1,28.7,26.8,32.1,27.1,32.1
2022-05-08,25.1,28.8,25.3,29.6,26.6,29.9
2022-05-09,24.8,27.4,25.0,28.2,26.9,32.3
2022-05-10,25.7,30.9,25.9,31.7,27.4,32.4
2022-05-11,24.8,28.1,25.6,30.5,26.2,30.2
2022-05-12,25.2,31.4,24.8,29.8,26.9,30.4
2022-05-13,25.3,29.2,24.4,28.0,27.0,31.0
2022-05-14,21.9,23.3,22.7,24.9,25.3,27.0
2022-05-15,19.6,21.2,20.5,22.9,24.3,26.8
2022-05-16,17.7,18.8,17.9,18.8,20.0,21.6
2022-05-17,20.3,23.3,20.6,24.9,22.5,27.1
2022-05-18,23.8,27.5,24.2,30.7,25.3,29.5
2022-05-19,24.8,27.1,26.5,31.3,26.3,29.4
2022-05-20,24.2,26.6,26.6,31.8,27.0,31.6
2022-05-21,23.1,24.4,25.1,28.6,26.6,30.6
2022-05-22,22.6,23.6,25.7,30.1,26.8,31.1
2022-05-23,23.7,26.1,26.3,29.9,26.2,31.2
2022-05-24,23.0,24.5,26.2,29.7,27.3,30.8
2022-05-25,22.9,23.7,25.5,28.5,26.9,30.9
2022-05-26,23.4,28.0,25.2,30.6,26.7,30.4
2022-05-27,22.5,23.7,24.7,27.9,26.8,29.3
2022-05-28,25.5,29.8,27.4,31.7,28.3,32.7
2022-05-29,28.6,33.6,28.2,32.7,28.6,32.6
2022-05-30,29.1,33.2,28.4,31.7,29.3,33.0
2022-05-31,26.3,29.4,27.4,31.4,29.5,32.9
