date,peak_load_MW
2018-01-01,23624.657534246577
2018-01-02,27827.184466019422
2018-01-03,28249.022556390977
2018-01-04,28777.53303964758
2018-01-05,28246.56992084433
2018-01-06,26052.85505124451
2018-01-07,25007.64119601329
2018-01-08,28790.90909090909
2018-01-09,28917.445482866045
2018-01-10,28426.605504587154
2018-01-11,28577.170418006433
2018-01-12,28103.059581320453
2018-01-13,25679.028132992324
2018-01-14,24691.906005221932
2018-01-15,28266.556291390727
2018-01-16,28275.449101796406
2018-01-17,28347.602739726033
2018-01-18,29070.399999999998
2018-01-19,28477.203647416412
2018-01-20,25890.835579514827
2018-01-21,24705.655526992286
2018-01-22,28259.52045133992
2018-01-23,28367.37400530504
2018-01-24,28224.358974358973
2018-01-25,28336.50793650794
2018-01-26,27536.041939711668
2018-01-27,25399.452804377564
2018-01-28,24547.592385218366
2018-01-29,28404.984423676015
2018-01-30,28609.046849757673
2018-01-31,28356.562137049947
2018-02-01,28514.285714285714
2018-02-02,28188.034188034188
2018-02-03,26350.73409461664
2018-02-04,26290.69767441861
2018-02-05,29051.181102362207
2018-02-06,28489.583333333332
2018-02-07,28907.11462450593
2018-02-08,28431.972789115647
2018-02-09,28297.029702970296
2018-02-10,26023.09913378248
2018-02-11,25356.532356532356
2018-02-12,27336.283185840708
2018-02-13,26303.71352785146
2018-02-14,23491.124260355027
2018-02-15,20987.86828422877
2018-02-16,20756.323777403035
2018-02-17,20284.748309541697
2018-02-18,20985.059760956177
2018-02-19,22085.872576177288
2018-02-20,23272.04968944099
2018-02-21,26513.24503311258
2018-02-22,27297.008547008547
2018-02-23,27103.13315926893
2018-02-24,25321.350762527232
2018-02-25,24684.03908794788
2018-02-26,27443.742098609357
2018-02-27,27824.50331125828
2018-02-28,26382.44514106583
2018-03-01,28371.91358024691
2018-03-02,28134.72222222222
2018-03-03,26060.857538035958
2018-03-04,25437.591776798825
2018-03-05,29487.106017191974
2018-03-06,27975.884244372988
2018-03-07,28449.88864142539
2018-03-08,27925.925925925927
2018-03-09,27605.49132947977
2018-03-10,24949.640287769784
2018-03-11,24239.598278335725
2018-03-12,27938.193343898576
2018-03-13,28431.547619047622
2018-03-14,28541.78674351585
2018-03-15,28947.21407624633
2018-03-16,28610.315186246415
2018-03-17,25786.5329512894
2018-03-18,24789.88941548183
2018-03-19,29124.561403508767
2018-03-20,28815.942028985508
2018-03-21,27714.69740634006
2018-03-22,27986.956521739132
2018-03-23,27658.892128279884
2018-03-24,25148.04063860668
2018-03-25,24574.498567335242
2018-03-26,28367.50788643533
2018-03-27,28611.747851002863
2018-03-28,28742.07492795389
2018-03-29,28969.255663430424
2018-03-30,28917.80821917808
2018-03-31,27840.74605451937
2018-04-01,25086.830680173658
2018-04-02,29053.6809815951
2018-04-03,29254.26356589147
2018-04-04,26116.20294599018
2018-04-05,24984.24068767908
2018-04-06,24437.768240343346
2018-04-07,23952.654232424677
2018-04-08,23908.959537572253
2018-04-09,28222.063037249285
2018-04-10,28721.264367816093
2018-04-11,30169.58041958042
2018-04-12,30634.09961685824
2018-04-13,31047.36842105263
2018-04-14,27702.909647779477
2018-04-15,24637.747336377473
2018-04-16,28377.218934911245
2018-04-17,28384.505021520807
2018-04-18,28515.981735159814
2018-04-19,29424.060150375935
2018-04-20,29391.432791728213
2018-04-21,26952.173913043476
2018-04-22,26341.9773095624
2018-04-23,31469.135802469133
2018-04-24,31116.57559198543
2018-04-25,29564.21356421356
2018-04-26,29952.104499274312
2018-04-27,30375.545851528386
2018-04-28,26829.75679542203
2018-04-29,26091.970802919706
2018-04-30,30089.985486211903
2018-05-01,28657.05128205128
2018-05-02,32368.852459016394
2018-05-03,30671.942446043162
2018-05-04,30648.09384164223
2018-05-05,27469.026548672566
2018-05-06,27529.411764705885
2018-05-07,32780.39927404719
2018-05-08,31750.737463126843
2018-05-09,30088.825214899713
2018-05-10,30169.07514450867
2018-05-11,30732.35294117647
2018-05-12,27454.676258992804
2018-05-13,27077.363896848135
2018-05-14,32920.6611570248
2018-05-15,33513.6186770428
2018-05-16,34240.08810572687
2018-05-17,34662.08251473478
2018-05-18,35035.50295857988
2018-05-19,30585.365853658535
2018-05-20,29630.470016207455
2018-05-21,34290.26217228465
2018-05-22,34797.39776951673
2018-05-23,34870.370370370365
2018-05-24,34106.93641618497
2018-05-25,34998.21428571429
2018-05-26,30420.373027259684
2018-05-27,30277.870216306157
2018-05-28,35961.00278551532
2018-05-29,36307.95847750865
2018-05-30,36749.253731343284
2018-05-31,36679.48717948718
2018-06-01,33569.38483547926
2018-06-02,29037.037037037036
2018-06-03,28485.380116959062
2018-06-04,34488.50574712644
2018-06-05,35313.08411214953
2018-06-06,35775.77741407529
2018-06-07,35686.93009118541
2018-06-08,36122.71973466003
2018-06-09,31784.411276948587
2018-06-10,29808.752025931928
2018-06-11,32561.470215462614
2018-06-12,33512.307692307695
2018-06-13,34050.00000000001
2018-06-14,33756.54853620956
2018-06-15,31626.307922272048
2018-06-16,28638.680659670168
2018-06-17,27251.436781609194
2018-06-18,27951.079136690645
2018-06-19,32080.50314465409
2018-06-20,32229.555236728836
2018-06-21,33153.96341463415
2018-06-22,33748.54651162791
2018-06-23,30182.48175182482
2018-06-24,29160.120845921447
2018-06-25,35104.61538461538
2018-06-26,35278.49927849927
2018-06-27,35098.83720930232
2018-06-28,35456.883509833584
2018-06-29,34945.323741007196
2018-06-30,30472.429210134127
2018-07-01,28995.620437956204
2018-07-02,33164.116828929065
2018-07-03,34161.787365177195
2018-07-04,33742.64705882353
2018-07-05,33147.18614718615
2018-07-06,34314.11229135053
2018-07-07,30383.38192419825
2018-07-08,28932.735426008967
2018-07-09,34939.0243902439
2018-07-10,34755.38461538462
2018-07-11,31193.313953488374
2018-07-12,34409.65732087228
2018-07-13,34963.72239747634
2018-07-14,31270.12278308322
2018-07-15,29308.145240431793
2018-07-16,35186.78526048285
2018-07-17,36217.57925072045
2018-07-18,36469.860896445134
2018-07-19,36726.13458528952
2018-07-20,35754.19847328244
2018-07-21,31318.376068376067
2018-07-22,29331.503841931943
2018-07-23,34234.61091753775
2018-07-24,35974.88226059655
2018-07-25,35907.18562874252
2018-07-26,35820.59282371295
2018-07-27,35661.31386861314
2018-07-28,31382.205513784458
2018-07-29,30612.99852289513
2018-07-30,36313.54642313546
2018-07-31,36924.76489028213
2018-08-01,37361.4262560778
2018-08-02,36129.41176470589
2018-08-03,36098.06835066865
2018-08-04,31904.958677685947
2018-08-05,29661.38448707256
2018-08-06,36065.76980568012
2018-08-07,36116.788321167885
2018-08-08,36171.262699564584
2018-08-09,35878.08417997097
2018-08-10,36024.46483180428
2018-08-11,31723.546234509056
2018-08-12,30108.77192982456
2018-08-13,34752.17391304348
2018-08-14,34844.44444444444
2018-08-15,33947.87379972565
2018-08-16,34359.516616314206
2018-08-17,35192.546583850926
2018-08-18,30080.196399345332
2018-08-19,28663.833805476865
2018-08-20,34379.710144927536
2018-08-21,34661.466458658346
2018-08-22,34776.470588235294
2018-08-23,34720.25723472669
2018-08-24,30167.058823529413
2018-08-25,29185.943060498223
2018-08-26,28099.343955014057
2018-08-27,32341.750841750843
2018-08-28,31928.649921507065
2018-08-29,32094.81346678799
2018-08-30,31891.515591007977
2018-08-31,32273.07996832937
2018-09-01,28933.058419243986
2018-09-02,28169.733210671573
2018-09-03,33823.20574162679
2018-09-04,35150.76923076923
2018-09-05,35263.72093023256
2018-09-06,34886.23718887262
2018-09-07,34499.85507246377
2018-09-08,29660.778443113777
2018-09-09,26805.848375451267
2018-09-10,31650.75421472937
2018-09-11,33269.94652406417
2018-09-12,34137.02064896755
2018-09-13,34510.57971014492
2018-09-14,34653.15315315315
2018-09-15,29282.753488372095
2018-09-16,28935.576923076922
2018-09-17,35074.62686567164
2018-09-18,35350.0
2018-09-19,34978.16593886463
2018-09-20,35045.03105590062
2018-09-21,34885.341074020325
2018-09-22,30255.594817432273
2018-09-23,27878.974358974356
2018-09-24,27215.6704361874
2018-09-25,32749.584026622295
2018-09-26,31950.65789473684
2018-09-27,31949.395770392748
2018-09-28,31502.329192546582
2018-09-29,26811.175337186894
2018-09-30,25510.03764115433
2018-10-01,30702.67591674926
2018-10-02,30977.137176938366
2018-10-03,30581.03975535168
2018-10-04,29864.42220200182
2018-10-05,30366.286438529787
2018-10-06,27100.2004008016
2018-10-07,25881.566380133714
2018-10-08,30865.145228215766
2018-10-09,31290.87048832272
2018-10-10,27569.97742663657
2018-10-11,29887.619047619046
2018-10-12,29162.26708074534
2018-10-13,26151.3470681458
2018-10-14,25688.59198355601
2018-10-15,30551.040634291374
2018-10-16,31441.524310118264
2018-10-17,30090.191657271702
2018-10-18,30083.51409978308
2018-10-19,29964.73029045643
2018-10-20,26214.82098251457
2018-10-21,25376.146788990827
2018-10-22,30222.651222651228
2018-10-23,30458.27232796486
2018-10-24,30548.168249660783
2018-10-25,31020.527859237536
2018-10-26,31007.20461095101
2018-10-27,25589.15946582875
2018-10-28,24281.371784879186
2018-10-29,28444.241316270567
2018-10-30,29059.090909090904
2018-10-31,29047.318611987383
2018-11-01,28593.010146561446
2018-11-02,28898.765432098768
2018-11-03,26482.764786795047
2018-11-04,25393.79474940334
2018-11-05,29859.971711456863
2018-11-06,30755.072463768116
2018-11-07,30938.775510204083
2018-11-08,31415.43513957307
2018-11-09,30277.298850574713
2018-11-10,26930.298719772403
2018-11-11,25564.824120603018
2018-11-12,29946.99140401146
2018-11-13,29515.195369030385
2018-11-14,29418.74084919473
2018-11-15,29937.97276853252
2018-11-16,29962.80400572246
2018-11-17,26628.205128205132
2018-11-18,25689.90042674253
2018-11-19,29168.67469879518
2018-11-20,29719.81424148607
2018-11-21,30009.287925696597
2018-11-22,28812.35697940503
2018-11-23,28407.17299578059
2018-11-24,24803.24244657332
2018-11-25,24814.516129032258
2018-11-26,28903.46907993967
2018-11-27,29030.158730158728
2018-11-28,28971.080669710806
2018-11-29,28687.763713080167
2018-11-30,28577.225130890056
2018-12-01,25636.973180076628
2018-12-02,24971.486761710792
2018-12-03,28960.244648318043
2018-12-04,29866.12903225806
2018-12-05,29415.151515151516
2018-12-06,30043.478260869564
2018-12-07,28339.908952959027
2018-12-08,25193.91634980989
2018-12-09,24040.72398190045
2018-12-10,28634.18290854573
2018-12-11,28693.27073552426
2018-12-12,28243.79562043796
2018-12-13,28193.45238095238
2018-12-14,28194.805194805194
2018-12-15,25401.394422310757
2018-12-16,24552.119129438714
2018-12-17,27838.30455259027
2018-12-18,28091.338582677166
2018-12-19,28393.08176100629
2018-12-20,28511.111111111113
2018-12-21,28652.29885057471
2018-12-22,27184.325108853416
2018-12-23,24514.970059880237
2018-12-24,27918.854415274458
2018-12-25,28604.379562043796
2018-12-26,28473.600000000002
2018-12-27,27730.659025787965
2018-12-28,26858.072916666668
2018-12-29,24310.830860534123
2018-12-30,23340.39735099338
2018-12-31,23406.932931424268
2019-01-01,23877.684407096167
2019-01-02,28140.740740740737
2019-01-03,28445.112781954886
2019-01-04,28476.415094339623
2019-01-05,26064.383561643837
2019-01-06,24606.540084388187
2019-01-07,28515.055467511887
2019-01-08,28711.838006230533
2019-01-09,28646.627565982402
2019-01-10,28999.999999999996
2019-01-11,28798.165137614676
2019-01-12,25898.340248962653
2019-01-13,24641.31551901336
2019-01-14,28334.41558441558
2019-01-15,28904.38871473354
2019-01-16,28663.565891472866
2019-01-17,28380.323054331868
2019-01-18,27774.74892395983
2019-01-19,26475.609756097558
2019-01-20,24539.187913125592
2019-01-21,27749.27536231884
2019-01-22,28131.771595900434
2019-01-23,27856.321839080458
2019-01-24,27861.60714285714
2019-01-25,27296.561604584524
2019-01-26,25273.18045862413
2019-01-27,24406.06767794632
2019-01-28,27567.93893129771
2019-01-29,27846.504559270514
2019-01-30,27756.134969325158
2019-01-31,27188.489208633095
2019-02-01,24718.066743383202
2019-02-02,23385.17745302714
2019-02-03,22926.884139482565
2019-02-04,20212.1451104101
2019-02-05,19992.28791773779
2019-02-06,19932.188841201718
2019-02-07,20946.322067594432
2019-02-08,21583.506583506583
2019-02-09,22430.615164520743
2019-02-10,23239.04688700999
2019-02-11,26672.919109026967
2019-02-12,27761.194029850747
2019-02-13,27712.011577424026
2019-02-14,28248.54651162791
2019-02-15,28279.94227994228
2019-02-16,25435.010482180296
2019-02-17,24346.08378870674
2019-02-18,28647.154471544716
2019-02-19,28879.3893129771
2019-02-20,29082.278481012658
2019-02-21,28907.496012759173
2019-02-22,28420.9726443769
2019-02-23,26715.61051004637
2019-02-24,24686.192468619247
2019-02-25,28105.76923076923
2019-02-26,28400.0
2019-02-27,28023.56406480118
2019-02-28,25473.79454926625
2019-03-01,24700.000000000004
2019-03-02,24730.09446693657
2019-03-03,24098.591549295776
2019-03-04,27697.36842105263
2019-03-05,28232.658959537574
2019-03-06,28021.865889212826
2019-03-07,28128.012048192773
2019-03-08,27940.0
2019-03-09,25873.671782762693
2019-03-10,24804.081632653062
2019-03-11,27724.884080370946
2019-03-12,27922.73402674591
2019-03-13,28149.341142020498
2019-03-14,28432.907348242814
2019-03-15,27746.762589928057
2019-03-16,25311.557788944727
2019-03-17,24678.87931034483
2019-03-18,28353.79644588045
2019-03-19,28876.8
2019-03-20,29641.47909967846
2019-03-21,30359.567901234564
2019-03-22,29635.44303797468
2019-03-23,25263.0303030303
2019-03-24,24823.7650200267
2019-03-25,28545.454545454544
2019-03-26,28759.146341463416
2019-03-27,29156.86274509804
2019-03-28,30079.491255961842
2019-03-29,29687.861271676302
2019-03-30,25815.568862275453
2019-03-31,24467.518636847708
2019-04-01,27849.92784992785
2019-04-02,28376.296296296296
2019-04-03,28472.346786248127
2019-04-04,25654.605263157897
2019-04-05,24538.663171690692
2019-04-06,24974.777448071218
2019-04-07,25255.68181818182
2019-04-08,30388.888888888887
2019-04-09,31520.064205457464
2019-04-10,31718.703976435936
2019-04-11,30524.22907488987
2019-04-12,29031.654676258993
2019-04-13,26427.927927927925
2019-04-14,25531.31313131313
2019-04-15,28743.849493487698
2019-04-16,29015.455950540956
2019-04-17,29578.64357864358
2019-04-18,30356.060606060604
2019-04-19,30769.230769230766
2019-04-20,26898.28080229226
2019-04-21,26292.906178489702
2019-04-22,31942.30769230769
2019-04-23,33165.302782324055
2019-04-24,33274.08637873754
2019-04-25,33136.03473227206
2019-04-26,32685.050798258344
2019-04-27,27381.86813186813
2019-04-28,26934.984520123842
2019-04-29,32852.89747399702
2019-04-30,33092.81437125749
2019-05-01,26829.14137033825
2019-05-02,28694.11764705883
2019-05-03,28318.531169940223
2019-05-04,25821.192052980135
2019-05-05,25341.573033707864
2019-05-06,28621.42857142857
2019-05-07,28482.5327510917
2019-05-08,28952.63870094723
2019-05-09,29224.57067371202
2019-05-10,29572.562358276642
2019-05-11,26588.566073102153
2019-05-12,26478.005865102637
2019-05-13,32146.03616133518
2019-05-14,33136.858475894245
2019-05-15,32891.970802919706
2019-05-16,33312.32876712329
2019-05-17,32313.45177664975
2019-05-18,29512.528473804105
2019-05-19,28975.476839237057
2019-05-20,32216.55437921078
2019-05-21,29971.472629144177
2019-05-22,30141.62806088683
2019-05-23,30436.046511627905
2019-05-24,31551.63283318623
2019-05-25,27804.605722260992
2019-05-26,27896.170839469807
2019-05-27,32522.83653846153
2019-05-28,32241.098677517806
2019-05-29,30312.628336755646
2019-05-30,32110.29411764706
2019-05-31,32976.625273922575
2019-06-01,28855.103497501783
2019-06-02,28849.88085782367
2019-06-03,32947.7503628447
2019-06-04,32401.995723449752
2019-06-05,33914.14141414141
2019-06-06,34881.10599078341
2019-06-07,30067.774936061378
2019-06-08,29552.678571428576
2019-06-09,29413.544668587892
2019-06-10,33364.44086886565
2019-06-11,32131.85975609756
2019-06-12,31102.755453501715
2019-06-13,31684.303350970018
2019-06-14,30885.804416403786
2019-06-15,27688.23229750382
2019-06-16,27674.288901282765
2019-06-17,33705.46105640108
2019-06-18,34720.68230277186
2019-06-19,35611.489776046736
2019-06-20,35949.514563106786
2019-06-21,35917.25352112676
2019-06-22,30921.771217712176
2019-06-23,28304.892601431977
2019-06-24,31694.558221181975
2019-06-25,33276.51515151515
2019-06-26,32819.632881085396
2019-06-27,33455.1282051282
2019-06-28,34975.490196078434
2019-06-29,30549.61832061069
2019-06-30,30086.614173228343
2019-07-01,35216.08527131783
2019-07-02,35056.712132089015
2019-07-03,33949.28571428572
2019-07-04,34156.315422191205
2019-07-05,33848.9336492891
2019-07-06,30008.11907983762
2019-07-07,29973.59277275886
2019-07-08,35160.22099447514
2019-07-09,34891.12227805695
2019-07-10,35266.06334841629
2019-07-11,34564.059900166394
2019-07-12,35626.64473684211
2019-07-13,31349.603416717513
2019-07-14,30930.6742640076
2019-07-15,36259.222333001
2019-07-16,36928.98052691866
2019-07-17,37395.83333333333
2019-07-18,35911.97183098591
2019-07-19,35487.01809598741
2019-07-20,30615.95273264402
2019-07-21,29612.087912087914
2019-07-22,34482.63473053893
2019-07-23,34992.65785609398
2019-07-24,35575.56497175141
2019-07-25,35966.640806826996
2019-07-26,36526.710402999066
2019-07-27,31208.99007589025
2019-07-28,29651.271406331085
2019-07-29,35550.902527075814
2019-07-30,36636.93693693694
2019-07-31,36809.47680157946
2019-08-01,36481.04693140794
2019-08-02,35764.204545454544
2019-08-03,31049.154334038052
2019-08-04,31339.901477832515
2019-08-05,36707.47663551402
2019-08-06,36392.82990083905
2019-08-07,36076.45259938837
2019-08-08,36337.54208754208
2019-08-09,30736.563876651984
2019-08-10,31479.338842975205
2019-08-11,31061.572700296732
2019-08-12,34482.73809523809
2019-08-13,33895.149786019974
2019-08-14,36095.02664298402
2019-08-15,34275.62028047466
2019-08-16,34386.58328595793
2019-08-17,30428.898033836304
2019-08-18,28612.48253376805
2019-08-19,32950.90439276485
2019-08-20,33329.61190855928
2019-08-21,33541.99269692227
2019-08-22,34984.77157360406
2019-08-23,35148.01444043322
2019-08-24,28993.347193347192
2019-08-25,28989.915074309978
2019-08-26,35058.28421741978
2019-08-27,35599.393019726864
2019-08-28,36520.0713648528
2019-08-29,36376.68161434978
2019-08-30,34619.60542540074
2019-08-31,30636.86375321337
2019-09-01,29637.12076145152
2019-09-02,35374.03993855607
2019-09-03,35462.848297213626
2019-09-04,33724.33105164904
2019-09-05,33273.499433748584
2019-09-06,34193.6785474109
2019-09-07,30081.745543945915
2019-09-08,29050.58905058905
2019-09-09,34355.26315789474
2019-09-10,34655.806182121974
2019-09-11,35329.72972972973
2019-09-12,35255.33536585366
2019-09-13,29379.415347137634
2019-09-14,28667.971298108285
2019-09-15,28188.90633176348
2019-09-16,33232.21180364038
2019-09-17,32957.52895752896
2019-09-18,32429.414922168547
2019-09-19,31505.02742230348
2019-09-20,30595.949855351973
2019-09-21,26459.68882602546
2019-09-22,25837.464251668258
2019-09-23,29953.846153846152
2019-09-24,30100.545950864424
2019-09-25,30714.98107084911
2019-09-26,31161.894273127753
2019-09-27,31250.25025025025
2019-09-28,28161.34648868253
2019-09-29,27927.50809061489
2019-09-30,28506.32911392405
2019-10-01,31911.971830985916
2019-10-02,33305.555555555555
2019-10-03,33692.9203539823
2019-10-04,33667.174409748666
2019-10-05,32440.256045519207
2019-10-06,28026.62721893491
2019-10-07,32878.33037300177
2019-10-08,32937.92581377744
2019-10-09,32351.686166551965
2019-10-10,27812.5
2019-10-11,27177.360774818404
2019-10-12,26957.93064241046
2019-10-13,26369.90291262136
2019-10-14,30893.20388349514
2019-10-15,30522.208883553423
2019-10-16,30321.917808219176
2019-10-17,30185.111989459816
2019-10-18,30175.658720200754
2019-10-19,26436.223081170625
2019-10-20,25228.881278538815
2019-10-21,29211.893369788104
2019-10-22,30039.49447077409
2019-10-23,30279.647435897434
2019-10-24,30340.729001584787
2019-10-25,30137.527432333576
2019-10-26,26508.547008547008
2019-10-27,25717.877094972064
2019-10-28,30196.721311475412
2019-10-29,29629.01155327343
2019-10-30,29705.83468395462
2019-10-31,30071.900826446283
2019-11-01,30328.7037037037
2019-11-02,26705.138339920948
2019-11-03,25736.644093303235
2019-11-04,29183.277027027023
2019-11-05,29237.393328161364
2019-11-06,29431.33802816901
2019-11-07,29611.681136543015
2019-11-08,28903.658536585368
2019-11-09,25903.631284916202
2019-11-10,24718.011409942952
2019-11-11,28626.984126984127
2019-11-12,29297.716150081567
2019-11-13,29357.651245551602
2019-11-14,28959.09090909091
2019-11-15,28772.60273972603
2019-11-16,26077.424612876937
2019-11-17,25364.348677766895
2019-11-18,29314.671814671816
2019-11-19,28746.770025839793
2019-11-20,28924.805531547107
2019-11-21,29515.27093596059
2019-11-22,29514.910536779324
2019-11-23,26783.300198807156
2019-11-24,25582.197273456295
2019-11-25,29333.003952569175
2019-11-26,29279.39876215738
2019-11-27,29318.256578947367
2019-11-28,28605.02092050209
2019-11-29,28480.260285474393
2019-11-30,25845.094664371776
2019-12-01,24836.113125453227
2019-12-02,27940.274414850683
2019-12-03,28150.134048257376
2019-12-04,28477.611940298502
2019-12-05,28704.653371320037
2019-12-06,28571.548117154816
2019-12-07,25829.029385574355
2019-12-08,24752.931323283083
2019-12-09,28208.62676056338
2019-12-10,28446.654611211572
2019-12-11,28389.184397163124
2019-12-12,28411.374407582938
2019-12-13,28358.81294964029
2019-12-14,25676.818950930625
2019-12-15,24713.532513181017
2019-12-16,28858.499525166193
2019-12-17,29230.06416131989
2019-12-18,29086.68453976765
2019-12-19,28957.129543336436
2019-12-20,28574.023614895552
2019-12-21,26339.56969130028
2019-12-22,25111.51736745887
2019-12-23,28776.145203111493
2019-12-24,29005.300353356888
2019-12-25,28966.265060240963
2019-12-26,28946.761313220944
2019-12-27,27877.391304347824
2019-12-28,25358.80933226066
2019-12-29,24998.275862068967
2019-12-30,27986.642920747996
2019-12-31,27353.873239436623
2020-01-01,25340.599455040872
2020-01-02,28234.647112740608
2020-01-03,28286.78929765886
2020-01-04,25589.0218156228
2020-01-05,24767.46323529412
2020-01-06,28632.730732635588
2020-01-07,29144.600938967134
2020-01-08,28556.045895851723
2020-01-09,28727.522935779816
2020-01-10,28481.86528497409
2020-01-11,25335.526315789477
2020-01-12,24845.659163987137
2020-01-13,28646.098003629766
2020-01-14,28794.936708860765
2020-01-15,28433.249370277077
2020-01-16,28702.960840496653
2020-01-17,28186.5671641791
2020-01-18,26067.65676567657
2020-01-19,25318.906605922548
2020-01-20,27971.001757469243
2020-01-21,27525.337837837837
2020-01-22,25739.73509933775
2020-01-23,23534.834623504572
2020-01-24,21539.270253555966
2020-01-25,21027.23505032563
2020-01-26,21179.364127174562
2020-01-27,21711.6060961313
2020-01-28,22817.613991255464
2020-01-29,23992.011619462603
2020-01-30,26333.62676056338
2020-01-31,26720.985691573926
2020-02-01,25215.165262475697
2020-02-02,24807.486631016043
2020-02-03,27963.74829001368
2020-02-04,28437.55383290267
2020-02-05,28391.270459859705
2020-02-06,28484.255319148935
2020-02-07,28282.282282282285
2020-02-08,25631.652661064425
2020-02-09,25158.238172920064
2020-02-10,28286.870503597125
2020-02-11,28660.73018699911
2020-02-12,28541.34697357204
2020-02-13,29087.813620071684
2020-02-14,29190.654205607476
2020-02-15,27765.523632993514
2020-02-16,25062.264150943396
2020-02-17,28296.2962962963
2020-02-18,28422.74247491639
2020-02-19,28372.61146496815
2020-02-20,28624.31444241316
2020-02-21,28526.363636363636
2020-02-22,26042.52303330971
2020-02-23,25064.343163538873
2020-02-24,28836.206896551725
2020-02-25,29198.1308411215
2020-02-26,29457.674418604653
2020-02-27,28374.249499666443
2020-02-28,26352.84683239775
2020-02-29,25675.20585544373
2020-03-01,24984.198645598197
2020-03-02,28556.325823223575
2020-03-03,29192.669172932332
2020-03-04,28864.823348694317
2020-03-05,28599.999999999996
2020-03-06,28558.84995507637
2020-03-07,26177.009873060648
2020-03-08,25555.975794251135
2020-03-09,29655.268022181146
2020-03-10,28586.618181818183
2020-03-11,28525.854513584578
2020-03-12,29342.13098729228
2020-03-13,29172.31638418079
2020-03-14,25797.03304113284
2020-03-15,24838.54907539118
2020-03-16,27991.289198606275
2020-03-17,28755.031228313674
2020-03-18,29124.12342215989
2020-03-19,29385.714285714286
2020-03-20,29041.60125588697
2020-03-21,26630.511463844796
2020-03-22,26086.22147083686
2020-03-23,29370.71651090343
2020-03-24,29466.42857142857
2020-03-25,30031.066330814443
2020-03-26,30854.79186834463
2020-03-27,31268.199233716477
2020-03-28,25898.726114649682
2020-03-29,25143.37175792507
2020-03-30,28708.674304418986
2020-03-31,29162.423178226516
2020-04-01,28278.314917127074
2020-04-02,25437.15170278638
2020-04-03,25126.675603217158
2020-04-04,24240.527182866557
2020-04-05,24351.289398280805
2020-04-06,28252.96167247387
2020-04-07,28113.50974930362
2020-04-08,28242.653232577668
2020-04-09,28293.076923076926
2020-04-10,28477.036129822412
2020-04-11,25760.129659643437
2020-04-12,24598.073555166375
2020-04-13,27614.9377593361
2020-04-14,27878.71674491393
2020-04-15,28177.276390008057
2020-04-16,28529.94555353902
2020-04-17,28987.14859437751
2020-04-18,26650.878533231476
2020-04-19,26509.632224168126
2020-04-20,29993.401759530792
2020-04-21,29991.089787525703
2020-04-22,28585.81560283688
2020-04-23,28041.19318181818
2020-04-24,27683.73071528752
2020-04-25,25659.64343598055
2020-04-26,25102.172164119063
2020-04-27,28715.146948003017
2020-04-28,28950.58678196417
2020-04-29,29529.56751985878
2020-04-30,29606.816798539257
2020-05-01,26788.710907704044
2020-05-02,26462.790697674416
2020-05-03,26822.784810126584
2020-05-04,32330.232558139534
2020-05-05,33329.41176470588
2020-05-06,32976.90086621751
2020-05-07,32510.530896431683
2020-05-08,33801.732673267325
2020-05-09,29709.44055944056
2020-05-10,29414.146341463416
2020-05-11,33204.856293359764
2020-05-12,31965.97623089983
2020-05-13,32274.32744043044
2020-05-14,33451.43422354105
2020-05-15,33786.380597014926
2020-05-16,30036.28614916286
2020-05-17,28692.54397834912
2020-05-18,32814.0562248996
2020-05-19,31339.972899728993
2020-05-20,31512.15786123488
2020-05-21,31561.48969889065
2020-05-22,30883.445378151257
2020-05-23,26893.509933774832
2020-05-24,26905.708908406526
2020-05-25,32445.020576131683
2020-05-26,32898.93813481071
2020-05-27,31435.818992989167
2020-05-28,31522.52846015578
2020-05-29,32554.964257347103
2020-05-30,28516.6553133515
2020-05-31,28773.070469798662
2020-06-01,33668.07228915663
2020-06-02,34382.30574324325
2020-06-03,34486.743993371994
2020-06-04,34919.25581395349
2020-06-05,34874.053030303025
2020-06-06,30744.7425670776
2020-06-07,28118.412895226287
2020-06-08,32366.148409893995
2020-06-09,32368.45878136201
2020-06-10,33776.41144624903
2020-06-11,34209.69957081545
2020-06-12,35023.48632812499
2020-06-13,31554.945515507126
2020-06-14,29824.98369210698
2020-06-15,35099.51185495119
2020-06-16,35686.6015971606
2020-06-17,36172.120109190175
2020-06-18,35978.540772532186
2020-06-19,36324.55315145813
2020-06-20,35305.37944284342
2020-06-21,31612.70417422868
2020-06-22,36629.87630827784
2020-06-23,36830.88954056696
2020-06-24,37184.48589626934
2020-06-25,31844.344957587182
2020-06-26,30361.849261849264
2020-06-27,30468.77104377104
2020-06-28,31104.9225159526
2020-06-29,36355.34420289855
2020-06-30,36673.007103393844
2020-07-01,36334.94138863841
2020-07-02,35833.4807073955
2020-07-03,35797.09705372617
2020-07-04,31923.79002233805
2020-07-05,31223.135669362084
2020-07-06,35877.28898426323
2020-07-07,36327.77777777778
2020-07-08,37106.27687016337
2020-07-09,36694.95798319328
2020-07-10,36829.26829268293
2020-07-11,32930.28699551569
2020-07-12,32217.399267399273
2020-07-13,37522.94617563739
2020-07-14,37801.83044315992
2020-07-15,36766.72489082969
2020-07-16,35907.69774011299
2020-07-17,36882.5389948007
2020-07-18,33188.09523809524
2020-07-19,31832.266769468002
2020-07-20,37507.249560632685
2020-07-21,36825.0
2020-07-22,37357.00525394046
2020-07-23,38022.08498023716
2020-07-24,37569.47224749773
2020-07-25,32846.39860139861
2020-07-26,30556.28238341969
2020-07-27,36756.84380032206
2020-07-28,36332.959101844426
2020-07-29,36340.13503375844
2020-07-30,35594.88265971316
2020-07-31,36303.11403508772
2020-08-01,32679.222839016653
2020-08-02,30750.282485875705
2020-08-03,33707.15760495526
2020-08-04,34037.685691946834
2020-08-05,35378.225806451606
2020-08-06,36591.737891737896
2020-08-07,36686.78707224335
2020-08-08,32370.48494983277
2020-08-09,31155.03421309873
2020-08-10,36422.38514173998
2020-08-11,35154.530874097836
2020-08-12,36528.485885372116
2020-08-13,36308.11865729898
2020-08-14,35946.814602720115
2020-08-15,31213.708149084017
2020-08-16,29725.916398713824
2020-08-17,35540.232558139534
2020-08-18,36266.52397260274
2020-08-19,36990.4397705545
2020-08-20,36808.90008396305
2020-08-21,36818.77979027645
2020-08-22,30976.754785779394
2020-08-23,30244.40366972477
2020-08-24,36468.90424481737
2020-08-25,37087.6459143969
2020-08-26,35811.132075471694
2020-08-27,35120.63369397218
2020-08-28,35135.36184210526
2020-08-29,31145.522388059704
2020-08-30,30672.372372372367
2020-08-31,35188.516032811334
2020-09-01,35429.98417721519
2020-09-02,36495.660377358494
2020-09-03,35478.289085545715
2020-09-04,35967.91728212703
2020-09-05,30765.098039215685
2020-09-06,27926.027397260277
2020-09-07,33949.72762645914
2020-09-08,35119.780219780216
2020-09-09,35364.9449618967
2020-09-10,35428.80932556203
2020-09-11,35609.32868352223
2020-09-12,31297.409805735428
2020-09-13,30036.74280039722
2020-09-14,35650.814956855225
2020-09-15,36306.43274853801
2020-09-16,36529.158512720154
2020-09-17,36837.9821958457
2020-09-18,36885.06429277943
2020-09-19,32486.875612144948
2020-09-20,29524.620060790272
2020-09-21,34405.35444947209
2020-09-22,34238.54375417502
2020-09-23,34682.70348837209
2020-09-24,33525.23133867983
2020-09-25,32004.975728155336
2020-09-26,31100.341997264026
2020-09-27,26814.2174432497
2020-09-28,31111.27049180328
2020-09-29,31741.356184798806
2020-09-30,30723.546511627912
2020-10-01,26393.06818181818
2020-10-02,27075.50860719875
2020-10-03,27539.000805801774
2020-10-04,28278.818897637797
2020-10-05,32512.8223495702
2020-10-06,31898.043641835968
2020-10-07,31297.93893129771
2020-10-08,30815.349444807314
2020-10-09,27485.650510204086
2020-10-10,27394.09808811305
2020-10-11,27423.001776198937
2020-10-12,33047.98426745329
2020-10-13,33383.91136801541
2020-10-14,32800.90386195563
2020-10-15,32688.093255620315
2020-10-16,32877.6384083045
2020-10-17,28014.838930774502
2020-10-18,26570.437710437713
2020-10-19,31044.452101998624
2020-10-20,31624.217585692997
2020-10-21,32382.5831702544
2020-10-22,31190.58908045977
2020-10-23,29691.765578635015
2020-10-24,26787.19889883001
2020-10-25,26119.24075275795
2020-10-26,31079.05944986691
2020-10-27,31670.01862197393
2020-10-28,31946.777163904237
2020-10-29,31263.111298482298
2020-10-30,30260.911701363962
2020-10-31,26757.446043165466
2020-11-01,26125.439238652998
2020-11-02,30428.10880829016
2020-11-03,29971.663533834588
2020-11-04,29794.672818791943
2020-11-05,30337.934186471663
2020-11-06,31801.734892787525
2020-11-07,28207.918871252205
2020-11-08,25621.656881930852
2020-11-09,29374.87401007919
2020-11-10,29817.524916943523
2020-11-11,29616.293929712458
2020-11-12,30389.61904761905
2020-11-13,30191.853178155776
2020-11-14,27148.345439870864
2020-11-15,26093.669932177843
2020-11-16,30974.311023622045
2020-11-17,31393.725490196084
2020-11-18,31828.0303030303
2020-11-19,32080.832526621492
2020-11-20,32012.214411247798
2020-11-21,28680.70519098922
2020-11-22,26894.270428015563
2020-11-23,30829.029411764706
2020-11-24,30937.41362290227
2020-11-25,31486.666666666668
2020-11-26,31412.887112887114
2020-11-27,30180.915371329877
2020-11-28,26843.101893597835
2020-11-29,25247.235023041478
2020-11-30,29121.403508771928
2020-12-01,29565.84474885845
2020-12-02,29546.608527131782
2020-12-03,29305.837187789086
2020-12-04,29374.77142857143
2020-12-05,26646.759941089837
2020-12-06,25599.238820171267
2020-12-07,29721.626794258376
2020-12-08,29877.242681775257
2020-12-09,30127.166504381694
2020-12-10,30197.2602739726
2020-12-11,29913.957934990434
2020-12-12,26668.480909829406
2020-12-13,25448.47122302159
2020-12-14,29620.000000000004
2020-12-15,29704.053254437866
2020-12-16,29788.856015779093
2020-12-17,29883.167330677294
2020-12-18,29816.0469667319
2020-12-19,26748.726953467954
2020-12-20,25665.262430939227
2020-12-21,29658.30115830116
2020-12-22,29895.70093457944
2020-12-23,30308.47290640394
2020-12-24,29863.00758213985
2020-12-25,29288.5175664096
2020-12-26,26730.16564952049
2020-12-27,25985.461956521744
2020-12-28,29490.677328316084
2020-12-29,30031.65048543689
2020-12-30,29081.996268656716
2020-12-31,28438.01623083859
2021-01-01,25691.736304549675
2021-01-02,25486.111111111113
2021-01-03,25478.187919463086
2021-01-04,29725.490196078434
2021-01-05,30039.17727717923
2021-01-06,30322.580645161288
2021-01-07,30501.474926253686
2021-01-08,30411.361410381975
2021-01-09,28063.10254163015
2021-01-10,27260.78799249531
2021-01-11,30684.52380952381
2021-01-12,30639.134709931175
2021-01-13,29999.999999999996
2021-01-14,30028.763183125597
2021-01-15,29553.57142857143
2021-01-16,27123.775601068566
2021-01-17,26716.549295774646
2021-01-18,29924.17061611374
2021-01-19,30000.0
2021-01-20,29990.476190476187
2021-01-21,30285.714285714283
2021-01-22,30097.181729834792
2021-01-23,27213.254035683945
2021-01-24,25715.48117154812
2021-01-25,29799.45305378304
2021-01-26,29944.186046511626
2021-01-27,29575.289575289575
2021-01-28,29550.35971223022
2021-01-29,29277.87934186472
2021-01-30,26658.93271461717
2021-01-31,25468.886941279583
2021-02-01,29031.620553359688
2021-02-02,29736.328125
2021-02-03,29615.763546798033
2021-02-04,29659.090909090908
2021-02-05,29282.296650717704
2021-02-06,26684.07310704961
2021-02-07,25919.324577861164
2021-02-08,27902.9304029304
2021-02-09,26110.607434270176
2021-02-10,24371.30801687764
2021-02-11,22132.8125
2021-02-12,21919.41391941392
2021-02-13,21960.78431372549
2021-02-14,22444.101773323055
2021-02-15,23469.38775510204
2021-02-16,24707.81893004115
2021-02-17,27877.59131293188
2021-02-18,28527.968596663395
2021-02-19,28621.031746031746
2021-02-20,27394.106813996317
2021-02-21,25253.419147224457
2021-02-22,29361.4931237721
2021-02-23,29923.002887391718
2021-02-24,30039.408866995072
2021-02-25,30079.443892750744
2021-02-26,29726.29521016618
2021-02-27,26468.330134357006
2021-02-28,25018.7265917603
2021-03-01,26566.604127579736
2021-03-02,29415.525114155254
2021-03-03,29681.467181467186
2021-03-04,29778.206364513022
2021-03-05,29872.02925045704
2021-03-06,26919.385796545106
2021-03-07,25791.940018744142
2021-03-08,29760.765550239234
2021-03-09,29941.06090373281
2021-03-10,29892.367906066534
2021-03-11,30048.828125
2021-03-12,29935.956084172
2021-03-13,26785.714285714286
2021-03-14,25638.11188811189
2021-03-15,30078.27788649706
2021-03-16,30685.884691848903
2021-03-17,30723.938223938225
2021-03-18,30726.5774378585
2021-03-19,30875.984251968504
2021-03-20,27751.710654936458
2021-03-21,25693.548387096776
2021-03-22,29605.142332415056
2021-03-23,29722.68907563025
2021-03-24,30049.11591355599
2021-03-25,29854.014598540143
2021-03-26,29917.883211678825
2021-03-27,27681.660899653976
2021-03-28,26853.725850965962
2021-03-29,31463.897131552923
2021-03-30,32043.222003929273
2021-03-31,32097.41550695825
2021-04-01,32011.070110701105
2021-04-02,29097.605893186006
2021-04-03,27640.144665461117
2021-04-04,25223.251895534962
2021-04-05,26070.78039927405
2021-04-06,29832.246039142592
2021-04-07,29898.710865561698
2021-04-08,30091.24087591241
2021-04-09,29485.766758494032
2021-04-10,27012.750455373407
2021-04-11,26616.822429906544
2021-04-12,31146.74441205054
2021-04-13,31633.663366336634
2021-04-14,30605.487228003785
2021-04-15,30698.56459330144
2021-04-16,30655.58633425669
2021-04-17,27562.141491395792
2021-04-18,26122.26277372263
2021-04-19,30756.218905472637
2021-04-20,31325.536062378167
2021-04-21,31872.58687258687
2021-04-22,32751.744765702897
2021-04-23,32129.094412331404
2021-04-24,28412.54752851711
2021-04-25,26536.007292616225
2021-04-26,31322.233104799212
2021-04-27,31755.027422303476
2021-04-28,31500.994035785283
2021-04-29,30210.81576535289
2021-04-30,28393.686165273914
2021-05-01,27284.768211920524
2021-05-02,27218.664226898447
2021-05-03,31768.172888015717
2021-05-04,33038.34808259587
2021-05-05,32675.79908675799
2021-05-06,33062.97709923664
2021-05-07,34188.532555879494
2021-05-08,30348.943985307622
2021-05-09,29223.968565815325
2021-05-10,35084.745762711864
2021-05-11,36001.99401794617
2021-05-12,36653.34665334665
2021-05-13,36709.8703888335
2021-05-14,37073.170731707316
2021-05-15,33949.66118102614
2021-05-16,32443.572129538767
2021-05-17,37421.875
2021-05-18,37289.15662650602
2021-05-19,37597.91122715404
2021-05-20,37463.55685131195
2021-05-21,37673.20261437908
2021-05-22,33886.82745825603
2021-05-23,32103.004291845493
2021-05-24,37893.864013267
2021-05-25,37293.33333333333
2021-05-26,37138.4136858476
2021-05-27,37996.987951807234
2021-05-28,38382.83828382839
2021-05-29,31482.649842271294
2021-05-30,28557.84469096672
2021-05-31,33638.61386138614
2021-06-01,34086.124401913876
2021-06-02,35679.78533094812
2021-06-03,36599.22928709055
2021-06-04,36457.92563600783
2021-06-05,30045.214770158254
2021-06-06,27286.769644056414
2021-06-07,32847.96573875803
2021-06-08,34856.87903970452
2021-06-09,35324.90974729242
2021-06-10,35782.442748091606
2021-06-11,36114.57036114571
2021-06-12,33180.82788671024
2021-06-13,31295.871559633026
2021-06-14,32088.23529411765
2021-06-15,37202.38095238095
2021-06-16,36782.17821782178
2021-06-17,37912.957467853616
2021-06-18,38099.0099009901
2021-06-19,33826.71480144404
2021-06-20,31773.700305810402
2021-06-21,35974.729241877256
2021-06-22,35499.50544015826
2021-06-23,33804.159445407284
2021-06-24,33818.44380403458
2021-06-25,33628.15884476534
2021-06-26,30723.68421052632
2021-06-27,30252.100840336137
2021-06-28,34829.50591510091
2021-06-29,35260.34712950601
2021-06-30,36131.563065781535
2021-07-01,36845.63758389262
2021-07-02,37536.704730831974
2021-07-03,33770.49180327869
2021-07-04,31665.500349895032
2021-07-05,37380.56013179572
2021-07-06,37442.74809160305
2021-07-07,37725.918570009926
2021-07-08,37974.05189620759
2021-07-09,38160.23738872404
2021-07-10,34551.223934723486
2021-07-11,32170.616113744076
2021-07-12,38191.841234840125
2021-07-13,38602.15053763441
2021-07-14,37988.10703666997
2021-07-15,37787.193973634654
2021-07-16,37544.32624113475
2021-07-17,33907.66694146743
2021-07-18,31654.829545454544
2021-07-19,38545.03464203233
2021-07-20,37998.12030075188
2021-07-21,37327.88002726653
2021-07-22,36486.48648648649
2021-07-23,35764.85461441213
2021-07-24,30985.1169383416
2021-07-25,31996.33699633699
2021-07-26,38126.582278481015
2021-07-27,38839.72468043264
2021-07-28,38636.94267515924
2021-07-29,38149.25373134328
2021-07-30,37033.81642512078
2021-07-31,31425.981873111785
2021-08-01,30049.288061336254
2021-08-02,34685.09984639017
2021-08-03,35430.92522179975
2021-08-04,35988.791032826266
2021-08-05,35331.77205308353
2021-08-06,33945.82723279648
2021-08-07,29689.119170984457
2021-08-08,30163.20474777448
2021-08-09,35159.65166908564
2021-08-10,36300.963676797626
2021-08-11,36477.41147741148
2021-08-12,36728.3950617284
2021-08-13,36394.42231075697
2021-08-14,32588.092345078978
2021-08-15,31042.780748663103
2021-08-16,36987.44769874477
2021-08-17,37708.154506437764
2021-08-18,36764.95366470092
2021-08-19,37532.46753246753
2021-08-20,37256.186317321684
2021-08-21,33588.65248226951
2021-08-22,31556.101556101556
2021-08-23,37518.13053988719
2021-08-24,37897.240723120834
2021-08-25,38471.27555988316
2021-08-26,37961.082910321486
2021-08-27,37790.05524861879
2021-08-28,34307.79137153895
2021-08-29,32334.254143646405
2021-08-30,37229.39424031777
2021-08-31,37347.25444702243
2021-09-01,37735.294117647056
2021-09-02,37794.50841452613
2021-09-03,37845.56720686368
2021-09-04,33075.93307593308
2021-09-05,31534.20870767104
2021-09-06,37772.37354085604
2021-09-07,38276.892430278895
2021-09-08,38484.54636091725
2021-09-09,38180.03913894324
2021-09-10,38722.15709261431
2021-09-11,36722.60612043435
2021-09-12,29910.447761194027
2021-09-13,36663.48903717827
2021-09-14,38057.692307692305
2021-09-15,38300.58939096267
2021-09-16,37527.13178294574
2021-09-17,37467.74193548387
2021-09-18,33691.52046783626
2021-09-19,31279.761904761905
2021-09-20,31214.995483288167
2021-09-21,31458.73320537428
2021-09-22,37904.667328699106
2021-09-23,38068.04374240583
2021-09-24,37739.20406435224
2021-09-25,33635.22012578616
2021-09-26,31368.523949169106
2021-09-27,37182.74111675127
2021-09-28,36968.42105263158
2021-09-29,37168.073676132
2021-09-30,37228.571428571435
2021-10-01,37309.0481786134
2021-10-02,33557.692307692305
2021-10-03,31000.0
2021-10-04,37522.47752247752
2021-10-05,37711.86440677966
2021-10-06,37592.89176090468
2021-10-07,37708.333333333336
2021-10-08,37606.490872210954
2021-10-09,33404.808317089024
2021-10-10,30916.808149405773
2021-10-11,30825.471698113204
2021-10-12,36066.565809379725
2021-10-13,35329.67032967033
2021-10-14,34860.94316807739
2021-10-15,36326.002587322124
2021-10-16,32378.502001143508
2021-10-17,27313.308302044225
2021-10-18,32076.086956521744
2021-10-19,32769.50565812984
2021-10-20,33289.21244209133
2021-10-21,32808.25638240087
2021-10-22,31241.987179487176
2021-10-23,28520.097442143728
2021-10-24,26927.999999999996
2021-10-25,31684.952978056426
2021-10-26,32318.435754189948
2021-10-27,32301.980198019806
2021-10-28,31825.396825396827
2021-10-29,31265.164644714045
2021-10-30,28130.08130081301
2021-10-31,27193.939393939392
2021-11-01,31639.96229971725
2021-11-02,31812.29773462783
2021-11-03,32106.870229007633
2021-11-04,32446.16709732989
2021-11-05,33309.6926713948
2021-11-06,29879.847078099403
2021-11-07,28271.334792122536
2021-11-08,31203.91705069125
2021-11-09,30247.29520865533
2021-11-10,30130.825838103025
2021-11-11,30227.272727272728
2021-11-12,29951.45631067961
2021-11-13,27290.666666666668
2021-11-14,26069.114470842334
2021-11-15,30678.6941580756
2021-11-16,31191.999999999996
2021-11-17,31442.542787286064
2021-11-18,31281.58844765343
2021-11-19,31340.65934065934
2021-11-20,28280.38674033149
2021-11-21,27265.46906187625
2021-11-22,30325.837540156033
2021-11-23,30209.580838323356
2021-11-24,30457.774269928967
2021-11-25,30781.86082877248
2021-11-26,30177.12177121771
2021-11-27,27689.450222882613
2021-11-28,26710.730948678072
2021-11-29,31087.443946188345
2021-11-30,30448.3282674772
2021-12-01,29836.280288146696
2021-12-02,30157.85319652723
2021-12-03,29671.44563918758
2021-12-04,27104.294478527605
2021-12-05,26193.92185238784
2021-12-06,30191.082802547768
2021-12-07,30255.5910543131
2021-12-08,30285.51034975018
2021-12-09,30862.559241706163
2021-12-10,30413.43669250646
2021-12-11,27807.98640611725
2021-12-12,26204.29483459083
2021-12-13,30244.444444444445
2021-12-14,30745.967741935485
2021-12-15,30980.39215686275
2021-12-16,31029.25243770314
2021-12-17,29963.76811594203
2021-12-18,26945.843828715362
2021-12-19,26088.280060882804
2021-12-20,30367.816091954024
2021-12-21,30741.13856068743
2021-12-22,30754.52716297787
2021-12-23,31024.327784891168
2021-12-24,30208.333333333332
2021-12-25,27293.165467625902
2021-12-26,26581.39534883721
2021-12-27,30289.38906752412
2021-12-28,29981.566820276497
2021-12-29,29925.373134328354
2021-12-30,29037.823490378236
2021-12-31,26444.44444444444
2022-01-01,25661.0
2022-01-02,25915.0
2022-01-03,29976.0
2022-01-04,30330.0
2022-01-05,30449.0
2022-01-06,30276.0
2022-01-07,29962.0
2022-01-08,27356.0
2022-01-09,26562.0
2022-01-10,30205.0
2022-01-11,30464.0
2022-01-12,30206.0
2022-01-13,30167.0
2022-01-14,29843.0
2022-01-15,27792.0
2022-01-16,26793.0
2022-01-17,30586.0
2022-01-18,30609.0
2022-01-19,30317.0
2022-01-20,30620.0
2022-01-21,30743.0
2022-01-22,29486.0
2022-01-23,27161.0
2022-01-24,30310.0
2022-01-25,30007.0
2022-01-26,30050.0
2022-01-27,29406.0
2022-01-28,27653.0
2022-01-29,26219.0
2022-01-30,25107.0
2022-01-31,23121.0
2022-02-01,22881.0
2022-02-02,22967.0
2022-02-03,23955.0
2022-02-04,24691.0
2022-02-05,25315.0
2022-02-06,25883.0
2022-02-07,29753.0
2022-02-08,29989.0
2022-02-09,30269.0
2022-02-10,30379.0
2022-02-11,30165.0
2022-02-12,28017.0
2022-02-13,27038.0
2022-02-14,30572.0
2022-02-15,30598.0
2022-02-16,30491.0
2022-02-17,30800.0
2022-02-18,30625.0
2022-02-19,28391.0
2022-02-20,28434.0
2022-02-21,31361.0
2022-02-22,30977.0
2022-02-23,31318.0
2022-02-24,31098.0
2022-02-25,30121.0
2022-02-26,27822.0
2022-02-27,26196.0
2022-02-28,27337.0
2022-03-01,30503.0
2022-03-02,30678.0
2022-03-03,28956.0
2022-03-04,30215.0
2022-03-05,27401.0
2022-03-06,26361.0
2022-03-07,29717.0
2022-03-08,29944.0
2022-03-09,30294.0
2022-03-10,30341.0
2022-03-11,30346.0
2022-03-12,27904.0
2022-03-13,27407.0
2022-03-14,31282.0
2022-03-15,31851.0
2022-03-16,31969.0
2022-03-17,32109.0
2022-03-18,31533.0
2022-03-19,28345.0
2022-03-20,27575.0
2022-03-21,31906.0
2022-03-22,31428.0
2022-03-23,30463.0
2022-03-24,30991.0
2022-03-25,31782.0
2022-03-26,29121.0
2022-03-27,26903.0
2022-03-28,30659.0
2022-03-29,31129.0
2022-03-30,31767.0
2022-03-31,31785.0
2022-04-01,29914.0
2022-04-02,27769.0
2022-04-03,26157.0
2022-04-04,26425.0
2022-04-05,27053.0
2022-04-06,30775.0
2022-04-07,30819.0
2022-04-08,31376.0
2022-04-09,28868.0
2022-04-10,27983.0
2022-04-11,33078.0
2022-04-12,33605.0
2022-04-13,33877.0
2022-04-14,32705.0
2022-04-15,31605.0
2022-04-16,27840.0
2022-04-17,27028.0
2022-04-18,31422.0
2022-04-19,31218.0
2022-04-20,31713.0
2022-04-21,32539.0
2022-04-22,33799.0
2022-04-23,30214.0
2022-04-24,29730.0
2022-04-25,34891.0
2022-04-26,35908.0
2022-04-27,35996.0
2022-04-28,35772.0
2022-04-29,36370.0
2022-04-30,29175.0
2022-05-01,26542.0
2022-05-02,26936.0
2022-05-03,30835.0
2022-05-04,32030.0
2022-05-05,32424.0
2022-05-06,33108.0
2022-05-07,29634.0
2022-05-08,28573.0
2022-05-09,33318.0
2022-05-10,34565.0
2022-05-11,34376.0
2022-05-12,34609.0
2022-05-13,33919.0
2022-05-14,29210.0
2022-05-15,27267.0
2022-05-16,30539.0
2022-05-17,30671.0
2022-05-18,32497.0
2022-05-19,33137.0
2022-05-20,33236.0
2022-05-21,29026.0
2022-05-22,28262.0
2022-05-23,33149.0
2022-05-24,33542.0
2022-05-25,33628.0
2022-05-26,34002.0
2022-05-27,33084.0
2022-05-28,30774.0
2022-05-29,30257.0
2022-05-30,36132.0
2022-05-31,35958.0
2022-06-01,36776.0
2022-06-02,36621.0
2022-06-03,31933.0
2022-06-04,31050.0
2022-06-05,31847.0
2022-06-06,36667.0
2022-06-07,35107.0
2022-06-08,34093.0
2022-06-09,34479.0
2022-06-10,34809.0
2022-06-11,31673.0
2022-06-12,30165.0
2022-06-13,36774.0
2022-06-14,37740.0
2022-06-15,36446.0
2022-06-16,36432.0
2022-06-17,36661.0
2022-06-18,33477.0
2022-06-19,32184.0
2022-06-20,38609.0
2022-06-21,38666.0
2022-06-22,39266.0
2022-06-23,39940.0
